file,line,type,commit,author,date,time,timezone,datetime,depth,length
style.css,1,css,f3260dc2,Marcushi,2025-10-03,21:30:30,-07:00,2025-10-03T21:30:30-07:00,0,4
style.css,2,css,da6f80c0,Marcushi,2025-10-11,22:29:25,-07:00,2025-10-11T22:29:25-07:00,1,42
style.css,3,css,f3260dc2,Marcushi,2025-10-03,21:30:30,-07:00,2025-10-03T21:30:30-07:00,1,23
style.css,4,css,6a072ae1,Marcushi,2025-10-03,22:56:07,-07:00,2025-10-03T22:56:07-07:00,0,0
style.css,5,css,6a072ae1,Marcushi,2025-10-03,22:56:07,-07:00,2025-10-03T22:56:07-07:00,0,0
style.css,6,css,6a072ae1,Marcushi,2025-10-03,22:56:07,-07:00,2025-10-03T22:56:07-07:00,0,3
style.css,7,css,6a072ae1,Marcushi,2025-10-03,22:56:07,-07:00,2025-10-03T22:56:07-07:00,1,14
style.css,8,css,6a072ae1,Marcushi,2025-10-03,22:56:07,-07:00,2025-10-03T22:56:07-07:00,1,11
style.css,9,css,da6f80c0,Marcushi,2025-10-11,22:29:25,-07:00,2025-10-11T22:29:25-07:00,0,0
style.css,10,css,da6f80c0,Marcushi,2025-10-11,22:29:25,-07:00,2025-10-11T22:29:25-07:00,0,0
style.css,11,css,da6f80c0,Marcushi,2025-10-11,22:29:25,-07:00,2025-10-11T22:29:25-07:00,0,3
style.css,12,css,da6f80c0,Marcushi,2025-10-11,22:29:25,-07:00,2025-10-11T22:29:25-07:00,1,12
style.css,13,css,da6f80c0,Marcushi,2025-10-11,22:29:25,-07:00,2025-10-11T22:29:25-07:00,1,5
style.css,14,css,da6f80c0,Marcushi,2025-10-11,22:29:25,-07:00,2025-10-11T22:29:25-07:00,1,18
style.css,15,css,da6f80c0,Marcushi,2025-10-11,22:29:25,-07:00,2025-10-11T22:29:25-07:00,1,18
style.css,16,css,da6f80c0,Marcushi,2025-10-11,22:29:25,-07:00,2025-10-11T22:29:25-07:00,1,41
style.css,17,css,da6f80c0,Marcushi,2025-10-11,22:29:25,-07:00,2025-10-11T22:29:25-07:00,0,0
style.css,18,css,da6f80c0,Marcushi,2025-10-11,22:29:25,-07:00,2025-10-11T22:29:25-07:00,0,0
style.css,19,css,da6f80c0,Marcushi,2025-10-11,22:29:25,-07:00,2025-10-11T22:29:25-07:00,0,5
style.css,20,css,da6f80c0,Marcushi,2025-10-11,22:29:25,-07:00,2025-10-11T22:29:25-07:00,1,6
style.css,21,css,da6f80c0,Marcushi,2025-10-11,22:29:25,-07:00,2025-10-11T22:29:25-07:00,1,17
style.css,22,css,da6f80c0,Marcushi,2025-10-11,22:29:25,-07:00,2025-10-11T22:29:25-07:00,1,20
style.css,23,css,da6f80c0,Marcushi,2025-10-11,22:29:25,-07:00,2025-10-11T22:29:25-07:00,1,13
style.css,24,css,da6f80c0,Marcushi,2025-10-11,22:29:25,-07:00,2025-10-11T22:29:25-07:00,1,20
style.css,25,css,da6f80c0,Marcushi,2025-10-11,22:29:25,-07:00,2025-10-11T22:29:25-07:00,0,0
style.css,26,css,da6f80c0,Marcushi,2025-10-11,22:29:25,-07:00,2025-10-11T22:29:25-07:00,0,0
style.css,27,css,da6f80c0,Marcushi,2025-10-11,22:29:25,-07:00,2025-10-11T22:29:25-07:00,0,5
style.css,28,css,da6f80c0,Marcushi,2025-10-11,22:29:25,-07:00,2025-10-11T22:29:25-07:00,1,34
style.css,29,css,da6f80c0,Marcushi,2025-10-11,22:29:25,-07:00,2025-10-11T22:29:25-07:00,0,0
style.css,30,css,da6f80c0,Marcushi,2025-10-11,22:29:25,-07:00,2025-10-11T22:29:25-07:00,0,0
style.css,31,css,da6f80c0,Marcushi,2025-10-11,22:29:25,-07:00,2025-10-11T22:29:25-07:00,0,13
style.css,32,css,da6f80c0,Marcushi,2025-10-11,22:29:25,-07:00,2025-10-11T22:29:25-07:00,1,15
style.css,33,css,da6f80c0,Marcushi,2025-10-11,22:29:25,-07:00,2025-10-11T22:29:25-07:00,1,43
style.css,34,css,da6f80c0,Marcushi,2025-10-11,22:29:25,-07:00,2025-10-11T22:29:25-07:00,1,34
style.css,35,css,da6f80c0,Marcushi,2025-10-11,22:29:25,-07:00,2025-10-11T22:29:25-07:00,0,0
style.css,36,css,da6f80c0,Marcushi,2025-10-11,22:29:25,-07:00,2025-10-11T22:29:25-07:00,0,0
style.css,37,css,da6f80c0,Marcushi,2025-10-11,22:29:25,-07:00,2025-10-11T22:29:25-07:00,0,11
style.css,38,css,da6f80c0,Marcushi,2025-10-11,22:29:25,-07:00,2025-10-11T22:29:25-07:00,1,45
style.css,39,css,da6f80c0,Marcushi,2025-10-11,22:29:25,-07:00,2025-10-11T22:29:25-07:00,1,57
style.css,40,css,da6f80c0,Marcushi,2025-10-11,22:29:25,-07:00,2025-10-11T22:29:25-07:00,1,34
style.css,41,css,da6f80c0,Marcushi,2025-10-11,22:29:25,-07:00,2025-10-11T22:29:25-07:00,0,0
style.css,42,css,da6f80c0,Marcushi,2025-10-11,22:29:25,-07:00,2025-10-11T22:29:25-07:00,0,0
style.css,43,css,da6f80c0,Marcushi,2025-10-11,22:29:25,-07:00,2025-10-11T22:29:25-07:00,0,28
style.css,44,css,da6f80c0,Marcushi,2025-10-11,22:29:25,-07:00,2025-10-11T22:29:25-07:00,0,23
style.css,45,css,da6f80c0,Marcushi,2025-10-11,22:29:25,-07:00,2025-10-11T22:29:25-07:00,1,12
style.css,46,css,da6f80c0,Marcushi,2025-10-11,22:29:25,-07:00,2025-10-11T22:29:25-07:00,0,0
style.css,47,css,da6f80c0,Marcushi,2025-10-11,22:29:25,-07:00,2025-10-11T22:29:25-07:00,0,0
style.css,48,css,da6f80c0,Marcushi,2025-10-11,22:29:25,-07:00,2025-10-11T22:29:25-07:00,0,4
style.css,49,css,da6f80c0,Marcushi,2025-10-11,22:29:25,-07:00,2025-10-11T22:29:25-07:00,1,12
style.css,50,css,da6f80c0,Marcushi,2025-10-11,22:29:25,-07:00,2025-10-11T22:29:25-07:00,1,30
style.css,51,css,da6f80c0,Marcushi,2025-10-11,22:29:25,-07:00,2025-10-11T22:29:25-07:00,1,7
style.css,52,css,da6f80c0,Marcushi,2025-10-11,22:29:25,-07:00,2025-10-11T22:29:25-07:00,1,17
style.css,53,css,da6f80c0,Marcushi,2025-10-11,22:29:25,-07:00,2025-10-11T22:29:25-07:00,0,0
style.css,54,css,da6f80c0,Marcushi,2025-10-11,22:29:25,-07:00,2025-10-11T22:29:25-07:00,0,0
style.css,55,css,da6f80c0,Marcushi,2025-10-11,22:29:25,-07:00,2025-10-11T22:29:25-07:00,0,10
style.css,56,css,da6f80c0,Marcushi,2025-10-11,22:29:25,-07:00,2025-10-11T22:29:25-07:00,1,16
style.css,57,css,da6f80c0,Marcushi,2025-10-11,22:29:25,-07:00,2025-10-11T22:29:25-07:00,0,0
style.css,58,css,da6f80c0,Marcushi,2025-10-11,22:29:25,-07:00,2025-10-11T22:29:25-07:00,0,0
style.css,59,css,da6f80c0,Marcushi,2025-10-11,22:29:25,-07:00,2025-10-11T22:29:25-07:00,0,9
style.css,60,css,da6f80c0,Marcushi,2025-10-11,22:29:25,-07:00,2025-10-11T22:29:25-07:00,0,12
style.css,61,css,da6f80c0,Marcushi,2025-10-11,22:29:25,-07:00,2025-10-11T22:29:25-07:00,0,11
style.css,62,css,da6f80c0,Marcushi,2025-10-11,22:29:25,-07:00,2025-10-11T22:29:25-07:00,1,10
style.css,63,css,da6f80c0,Marcushi,2025-10-11,22:29:25,-07:00,2025-10-11T22:29:25-07:00,1,21
style.css,64,css,da6f80c0,Marcushi,2025-10-11,22:29:25,-07:00,2025-10-11T22:29:25-07:00,1,12
style.css,65,css,da6f80c0,Marcushi,2025-10-11,22:29:25,-07:00,2025-10-11T22:29:25-07:00,0,0
style.css,66,css,da6f80c0,Marcushi,2025-10-11,22:29:25,-07:00,2025-10-11T22:29:25-07:00,0,0
style.css,67,css,da6f80c0,Marcushi,2025-10-11,22:29:25,-07:00,2025-10-11T22:29:25-07:00,0,8
style.css,68,css,da6f80c0,Marcushi,2025-10-11,22:29:25,-07:00,2025-10-11T22:29:25-07:00,1,14
style.css,69,css,da6f80c0,Marcushi,2025-10-11,22:29:25,-07:00,2025-10-11T22:29:25-07:00,0,0
style.css,70,css,da6f80c0,Marcushi,2025-10-11,22:29:25,-07:00,2025-10-11T22:29:25-07:00,0,0
style.css,71,css,da6f80c0,Marcushi,2025-10-11,22:29:25,-07:00,2025-10-11T22:29:25-07:00,0,11
style.css,72,css,da6f80c0,Marcushi,2025-10-11,22:29:25,-07:00,2025-10-11T22:29:25-07:00,1,18
style.css,73,css,da6f80c0,Marcushi,2025-10-11,22:29:25,-07:00,2025-10-11T22:29:25-07:00,0,0
style.css,74,css,da6f80c0,Marcushi,2025-10-11,22:29:25,-07:00,2025-10-11T22:29:25-07:00,0,0
style.css,75,css,da6f80c0,Marcushi,2025-10-11,22:29:25,-07:00,2025-10-11T22:29:25-07:00,0,28
style.css,76,css,da6f80c0,Marcushi,2025-10-11,22:29:25,-07:00,2025-10-11T22:29:25-07:00,0,9
style.css,77,css,da6f80c0,Marcushi,2025-10-11,22:29:25,-07:00,2025-10-11T22:29:25-07:00,1,12
style.css,78,css,da6f80c0,Marcushi,2025-10-11,22:29:25,-07:00,2025-10-11T22:29:25-07:00,1,58
style.css,79,css,da6f80c0,Marcushi,2025-10-11,22:29:25,-07:00,2025-10-11T22:29:25-07:00,1,7
style.css,80,css,da6f80c0,Marcushi,2025-10-11,22:29:25,-07:00,2025-10-11T22:29:25-07:00,0,0
style.css,81,css,da6f80c0,Marcushi,2025-10-11,22:29:25,-07:00,2025-10-11T22:29:25-07:00,0,0
style.css,82,css,da6f80c0,Marcushi,2025-10-11,22:29:25,-07:00,2025-10-11T22:29:25-07:00,0,19
style.css,83,css,da6f80c0,Marcushi,2025-10-11,22:29:25,-07:00,2025-10-11T22:29:25-07:00,1,12
style.css,84,css,da6f80c0,Marcushi,2025-10-11,22:29:25,-07:00,2025-10-11T22:29:25-07:00,1,26
style.css,85,css,da6f80c0,Marcushi,2025-10-11,22:29:25,-07:00,2025-10-11T22:29:25-07:00,1,15
style.css,86,css,da6f80c0,Marcushi,2025-10-11,22:29:25,-07:00,2025-10-11T22:29:25-07:00,0,0
style.css,87,css,da6f80c0,Marcushi,2025-10-11,22:29:25,-07:00,2025-10-11T22:29:25-07:00,0,0
style.css,88,css,da6f80c0,Marcushi,2025-10-11,22:29:25,-07:00,2025-10-11T22:29:25-07:00,0,12
style.css,89,css,da6f80c0,Marcushi,2025-10-11,22:29:25,-07:00,2025-10-11T22:29:25-07:00,1,8
style.css,90,css,da6f80c0,Marcushi,2025-10-11,22:29:25,-07:00,2025-10-11T22:29:25-07:00,0,0
style.css,91,css,da6f80c0,Marcushi,2025-10-11,22:29:25,-07:00,2025-10-11T22:29:25-07:00,0,0
style.css,92,css,da6f80c0,Marcushi,2025-10-11,22:29:25,-07:00,2025-10-11T22:29:25-07:00,0,2
style.css,93,css,da6f80c0,Marcushi,2025-10-11,22:29:25,-07:00,2025-10-11T22:29:25-07:00,1,14
style.css,94,css,da6f80c0,Marcushi,2025-10-11,22:29:25,-07:00,2025-10-11T22:29:25-07:00,1,19
style.css,95,css,da6f80c0,Marcushi,2025-10-11,22:29:25,-07:00,2025-10-11T22:29:25-07:00,0,0
style.css,96,css,da6f80c0,Marcushi,2025-10-11,22:29:25,-07:00,2025-10-11T22:29:25-07:00,0,0
style.css,97,css,da6f80c0,Marcushi,2025-10-11,22:29:25,-07:00,2025-10-11T22:29:25-07:00,0,22
style.css,98,css,da6f80c0,Marcushi,2025-10-11,22:29:25,-07:00,2025-10-11T22:29:25-07:00,1,15
style.css,99,css,da6f80c0,Marcushi,2025-10-11,22:29:25,-07:00,2025-10-11T22:29:25-07:00,1,17
style.css,100,css,da6f80c0,Marcushi,2025-10-11,22:29:25,-07:00,2025-10-11T22:29:25-07:00,0,0
style.css,101,css,da6f80c0,Marcushi,2025-10-11,22:29:25,-07:00,2025-10-11T22:29:25-07:00,0,0
style.css,102,css,da6f80c0,Marcushi,2025-10-11,22:29:25,-07:00,2025-10-11T22:29:25-07:00,0,27
style.css,103,css,da6f80c0,Marcushi,2025-10-11,22:29:25,-07:00,2025-10-11T22:29:25-07:00,0,10
style.css,104,css,da6f80c0,Marcushi,2025-10-11,22:29:25,-07:00,2025-10-11T22:29:25-07:00,1,25
style.css,105,css,da6f80c0,Marcushi,2025-10-11,22:29:25,-07:00,2025-10-11T22:29:25-07:00,1,43
style.css,106,css,da6f80c0,Marcushi,2025-10-11,22:29:25,-07:00,2025-10-11T22:29:25-07:00,1,21
style.css,107,css,da6f80c0,Marcushi,2025-10-11,22:29:25,-07:00,2025-10-11T22:29:25-07:00,1,15
style.css,108,css,da6f80c0,Marcushi,2025-10-11,22:29:25,-07:00,2025-10-11T22:29:25-07:00,1,18
style.css,109,css,da6f80c0,Marcushi,2025-10-11,22:29:25,-07:00,2025-10-11T22:29:25-07:00,1,16
style.css,110,css,da6f80c0,Marcushi,2025-10-11,22:29:25,-07:00,2025-10-11T22:29:25-07:00,1,15
style.css,111,css,da6f80c0,Marcushi,2025-10-11,22:29:25,-07:00,2025-10-11T22:29:25-07:00,0,0
style.css,112,css,da6f80c0,Marcushi,2025-10-11,22:29:25,-07:00,2025-10-11T22:29:25-07:00,0,0
style.css,113,css,da6f80c0,Marcushi,2025-10-11,22:29:25,-07:00,2025-10-11T22:29:25-07:00,0,25
style.css,114,css,da6f80c0,Marcushi,2025-10-11,22:29:25,-07:00,2025-10-11T22:29:25-07:00,1,37
style.css,115,css,da6f80c0,Marcushi,2025-10-11,22:29:25,-07:00,2025-10-11T22:29:25-07:00,1,18
style.css,116,css,da6f80c0,Marcushi,2025-10-11,22:29:25,-07:00,2025-10-11T22:29:25-07:00,0,0
style.css,117,css,da6f80c0,Marcushi,2025-10-11,22:29:25,-07:00,2025-10-11T22:29:25-07:00,0,0
style.css,118,css,da6f80c0,Marcushi,2025-10-11,22:29:25,-07:00,2025-10-11T22:29:25-07:00,0,10
style.css,119,css,da6f80c0,Marcushi,2025-10-11,22:29:25,-07:00,2025-10-11T22:29:25-07:00,1,15
style.css,120,css,da6f80c0,Marcushi,2025-10-11,22:29:25,-07:00,2025-10-11T22:29:25-07:00,1,20
style.css,121,css,da6f80c0,Marcushi,2025-10-11,22:29:25,-07:00,2025-10-11T22:29:25-07:00,0,0
style.css,122,css,da6f80c0,Marcushi,2025-10-11,22:29:25,-07:00,2025-10-11T22:29:25-07:00,0,0
style.css,123,css,da6f80c0,Marcushi,2025-10-11,22:29:25,-07:00,2025-10-11T22:29:25-07:00,0,7
style.css,124,css,da6f80c0,Marcushi,2025-10-11,22:29:25,-07:00,2025-10-11T22:29:25-07:00,1,25
style.css,125,css,da6f80c0,Marcushi,2025-10-11,22:29:25,-07:00,2025-10-11T22:29:25-07:00,1,15
style.css,126,css,da6f80c0,Marcushi,2025-10-11,22:29:25,-07:00,2025-10-11T22:29:25-07:00,0,0
style.css,127,css,da6f80c0,Marcushi,2025-10-11,22:29:25,-07:00,2025-10-11T22:29:25-07:00,0,0
style.css,128,css,da6f80c0,Marcushi,2025-10-11,22:29:25,-07:00,2025-10-11T22:29:25-07:00,0,10
style.css,129,css,da6f80c0,Marcushi,2025-10-11,22:29:25,-07:00,2025-10-11T22:29:25-07:00,1,17
style.css,130,css,da6f80c0,Marcushi,2025-10-11,22:29:25,-07:00,2025-10-11T22:29:25-07:00,1,18
style.css,131,css,77d11eb0,Marcushi,2025-10-17,21:11:32,-07:00,2025-10-17T21:11:32-07:00,0,0
style.css,132,css,77d11eb0,Marcushi,2025-10-17,21:11:32,-07:00,2025-10-17T21:11:32-07:00,0,0
style.css,133,css,77d11eb0,Marcushi,2025-10-17,21:11:32,-07:00,2025-10-17T21:11:32-07:00,0,25
style.css,134,css,77d11eb0,Marcushi,2025-10-17,21:11:32,-07:00,2025-10-17T21:11:32-07:00,0,4
style.css,135,css,77d11eb0,Marcushi,2025-10-17,21:11:32,-07:00,2025-10-17T21:11:32-07:00,1,23
style.css,136,css,77d11eb0,Marcushi,2025-10-17,21:11:32,-07:00,2025-10-17T21:11:32-07:00,0,0
style.css,137,css,77d11eb0,Marcushi,2025-10-17,21:11:32,-07:00,2025-10-17T21:11:32-07:00,0,0
style.css,138,css,77d11eb0,Marcushi,2025-10-17,21:11:32,-07:00,2025-10-17T21:11:32-07:00,0,3
style.css,139,css,77d11eb0,Marcushi,2025-10-17,21:11:32,-07:00,2025-10-17T21:11:32-07:00,1,39
style.css,140,css,77d11eb0,Marcushi,2025-10-17,21:11:32,-07:00,2025-10-17T21:11:32-07:00,1,39
style.css,141,css,77d11eb0,Marcushi,2025-10-17,21:11:32,-07:00,2025-10-17T21:11:32-07:00,0,0
style.css,142,css,77d11eb0,Marcushi,2025-10-17,21:11:32,-07:00,2025-10-17T21:11:32-07:00,0,11
style.css,143,css,77d11eb0,Marcushi,2025-10-17,21:11:32,-07:00,2025-10-17T21:11:32-07:00,1,69
style.css,144,css,77d11eb0,Marcushi,2025-10-17,21:11:32,-07:00,2025-10-17T21:11:32-07:00,0,0
style.css,145,css,77d11eb0,Marcushi,2025-10-17,21:11:32,-07:00,2025-10-17T21:11:32-07:00,0,0
style.css,146,css,77d11eb0,Marcushi,2025-10-17,21:11:32,-07:00,2025-10-17T21:11:32-07:00,0,13
style.css,147,css,77d11eb0,Marcushi,2025-10-17,21:11:32,-07:00,2025-10-17T21:11:32-07:00,1,17
style.css,148,css,77d11eb0,Marcushi,2025-10-17,21:11:32,-07:00,2025-10-17T21:11:32-07:00,1,8
style.css,149,css,77d11eb0,Marcushi,2025-10-17,21:11:32,-07:00,2025-10-17T21:11:32-07:00,1,10
style.css,150,css,77d11eb0,Marcushi,2025-10-17,21:11:32,-07:00,2025-10-17T21:11:32-07:00,1,13
style.css,151,css,77d11eb0,Marcushi,2025-10-17,21:11:32,-07:00,2025-10-17T21:11:32-07:00,1,19
style.css,152,css,77d11eb0,Marcushi,2025-10-17,21:11:32,-07:00,2025-10-17T21:11:32-07:00,0,0
style.css,153,css,77d11eb0,Marcushi,2025-10-17,21:11:32,-07:00,2025-10-17T21:11:32-07:00,0,0
style.css,154,css,142bc791,Marcushi,2025-10-24,23:33:38,-07:00,2025-10-24T23:33:38-07:00,0,0
style.css,155,css,142bc791,Marcushi,2025-10-24,23:33:38,-07:00,2025-10-24T23:33:38-07:00,0,31
style.css,156,css,142bc791,Marcushi,2025-10-24,23:33:38,-07:00,2025-10-24T23:33:38-07:00,0,32
style.css,157,css,142bc791,Marcushi,2025-10-24,23:33:38,-07:00,2025-10-24T23:33:38-07:00,0,0
style.css,158,css,142bc791,Marcushi,2025-10-24,23:33:38,-07:00,2025-10-24T23:33:38-07:00,0,14
style.css,159,css,142bc791,Marcushi,2025-10-24,23:33:38,-07:00,2025-10-24T23:33:38-07:00,1,19
style.css,160,css,142bc791,Marcushi,2025-10-24,23:33:38,-07:00,2025-10-24T23:33:38-07:00,0,0
style.css,161,css,142bc791,Marcushi,2025-10-24,23:33:38,-07:00,2025-10-24T23:33:38-07:00,0,0
style.css,162,css,142bc791,Marcushi,2025-10-24,23:33:38,-07:00,2025-10-24T23:33:38-07:00,0,17
style.css,163,css,142bc791,Marcushi,2025-10-24,23:33:38,-07:00,2025-10-24T23:33:38-07:00,1,15
style.css,164,css,142bc791,Marcushi,2025-10-24,23:33:38,-07:00,2025-10-24T23:33:38-07:00,1,16
style.css,165,css,142bc791,Marcushi,2025-10-24,23:33:38,-07:00,2025-10-24T23:33:38-07:00,1,15
style.css,166,css,142bc791,Marcushi,2025-10-24,23:33:38,-07:00,2025-10-24T23:33:38-07:00,0,0
style.css,167,css,142bc791,Marcushi,2025-10-24,23:33:38,-07:00,2025-10-24T23:33:38-07:00,0,0
style.css,168,css,142bc791,Marcushi,2025-10-24,23:33:38,-07:00,2025-10-24T23:33:38-07:00,0,17
style.css,169,css,142bc791,Marcushi,2025-10-24,23:33:38,-07:00,2025-10-24T23:33:38-07:00,1,12
style.css,170,css,142bc791,Marcushi,2025-10-24,23:33:38,-07:00,2025-10-24T23:33:38-07:00,1,47
style.css,171,css,142bc791,Marcushi,2025-10-24,23:33:38,-07:00,2025-10-24T23:33:38-07:00,1,15
style.css,172,css,142bc791,Marcushi,2025-10-24,23:33:38,-07:00,2025-10-24T23:33:38-07:00,1,14
style.css,173,css,142bc791,Marcushi,2025-10-24,23:33:38,-07:00,2025-10-24T23:33:38-07:00,1,18
style.css,174,css,142bc791,Marcushi,2025-10-24,23:33:38,-07:00,2025-10-24T23:33:38-07:00,1,8
style.css,175,css,142bc791,Marcushi,2025-10-24,23:33:38,-07:00,2025-10-24T23:33:38-07:00,0,0
style.css,176,css,142bc791,Marcushi,2025-10-24,23:33:38,-07:00,2025-10-24T23:33:38-07:00,0,0
style.css,177,css,142bc791,Marcushi,2025-10-24,23:33:38,-07:00,2025-10-24T23:33:38-07:00,0,36
style.css,178,css,142bc791,Marcushi,2025-10-24,23:33:38,-07:00,2025-10-24T23:33:38-07:00,1,17
style.css,179,css,142bc791,Marcushi,2025-10-24,23:33:38,-07:00,2025-10-24T23:33:38-07:00,0,0
style.css,180,css,142bc791,Marcushi,2025-10-24,23:33:38,-07:00,2025-10-24T23:33:38-07:00,0,0
style.css,181,css,142bc791,Marcushi,2025-10-24,23:33:38,-07:00,2025-10-24T23:33:38-07:00,0,17
style.css,182,css,142bc791,Marcushi,2025-10-24,23:33:38,-07:00,2025-10-24T23:33:38-07:00,1,15
style.css,183,css,142bc791,Marcushi,2025-10-24,23:33:38,-07:00,2025-10-24T23:33:38-07:00,1,17
style.css,184,css,142bc791,Marcushi,2025-10-24,23:33:38,-07:00,2025-10-24T23:33:38-07:00,1,24
style.css,185,css,142bc791,Marcushi,2025-10-24,23:33:38,-07:00,2025-10-24T23:33:38-07:00,1,21
style.css,186,css,142bc791,Marcushi,2025-10-24,23:33:38,-07:00,2025-10-24T23:33:38-07:00,1,53
style.css,187,css,142bc791,Marcushi,2025-10-24,23:33:38,-07:00,2025-10-24T23:33:38-07:00,0,0
style.css,188,css,142bc791,Marcushi,2025-10-24,23:33:38,-07:00,2025-10-24T23:33:38-07:00,0,0
style.css,189,css,142bc791,Marcushi,2025-10-24,23:33:38,-07:00,2025-10-24T23:33:38-07:00,0,17
style.css,190,css,142bc791,Marcushi,2025-10-24,23:33:38,-07:00,2025-10-24T23:33:38-07:00,1,8
style.css,191,css,142bc791,Marcushi,2025-10-24,23:33:38,-07:00,2025-10-24T23:33:38-07:00,1,17
style.css,192,css,142bc791,Marcushi,2025-10-24,23:33:38,-07:00,2025-10-24T23:33:38-07:00,1,15
style.css,193,css,142bc791,Marcushi,2025-10-24,23:33:38,-07:00,2025-10-24T23:33:38-07:00,1,15
style.css,194,css,142bc791,Marcushi,2025-10-24,23:33:38,-07:00,2025-10-24T23:33:38-07:00,1,53
style.css,195,css,142bc791,Marcushi,2025-10-24,23:33:38,-07:00,2025-10-24T23:33:38-07:00,0,0
style.css,196,css,142bc791,Marcushi,2025-10-24,23:33:38,-07:00,2025-10-24T23:33:38-07:00,0,0
style.css,197,css,142bc791,Marcushi,2025-10-24,23:33:38,-07:00,2025-10-24T23:33:38-07:00,0,25
style.css,198,css,142bc791,Marcushi,2025-10-24,23:33:38,-07:00,2025-10-24T23:33:38-07:00,1,17
style.css,199,css,142bc791,Marcushi,2025-10-24,23:33:38,-07:00,2025-10-24T23:33:38-07:00,2,36
style.css,200,css,142bc791,Marcushi,2025-10-24,23:33:38,-07:00,2025-10-24T23:33:38-07:00,2,12
style.css,201,css,142bc791,Marcushi,2025-10-24,23:33:38,-07:00,2025-10-24T23:33:38-07:00,1,0
style.css,202,css,142bc791,Marcushi,2025-10-24,23:33:38,-07:00,2025-10-24T23:33:38-07:00,1,17
style.css,203,css,142bc791,Marcushi,2025-10-24,23:33:38,-07:00,2025-10-24T23:33:38-07:00,2,16
style.css,204,css,142bc791,Marcushi,2025-10-24,23:33:38,-07:00,2025-10-24T23:33:38-07:00,1,0
style.css,205,css,142bc791,Marcushi,2025-10-24,23:33:38,-07:00,2025-10-24T23:33:38-07:00,0,0
style.css,206,css,142bc791,Marcushi,2025-10-24,23:33:38,-07:00,2025-10-24T23:33:38-07:00,0,0
style.css,207,css,142bc791,Marcushi,2025-10-24,23:33:38,-07:00,2025-10-24T23:33:38-07:00,0,0
style.css,208,css,449a1a71,Marcushi,2025-10-31,22:06:03,-07:00,2025-10-31T22:06:03-07:00,0,33
style.css,209,css,449a1a71,Marcushi,2025-10-31,22:06:03,-07:00,2025-10-31T22:06:03-07:00,0,17
style.css,210,css,449a1a71,Marcushi,2025-10-31,22:06:03,-07:00,2025-10-31T22:06:03-07:00,1,10
style.css,211,css,449a1a71,Marcushi,2025-10-31,22:06:03,-07:00,2025-10-31T22:06:03-07:00,1,15
style.css,212,css,449a1a71,Marcushi,2025-10-31,22:06:03,-07:00,2025-10-31T22:06:03-07:00,1,11
style.css,213,css,449a1a71,Marcushi,2025-10-31,22:06:03,-07:00,2025-10-31T22:06:03-07:00,1,18
style.css,214,css,449a1a71,Marcushi,2025-10-31,22:06:03,-07:00,2025-10-31T22:06:03-07:00,1,16
style.css,215,css,449a1a71,Marcushi,2025-10-31,22:06:03,-07:00,2025-10-31T22:06:03-07:00,0,0
style.css,216,css,449a1a71,Marcushi,2025-10-31,22:06:03,-07:00,2025-10-31T22:06:03-07:00,0,0
style.css,217,css,449a1a71,Marcushi,2025-10-31,22:06:03,-07:00,2025-10-31T22:06:03-07:00,0,0
style.css,218,css,449a1a71,Marcushi,2025-10-31,22:06:03,-07:00,2025-10-31T22:06:03-07:00,0,23
style.css,219,css,449a1a71,Marcushi,2025-10-31,22:06:03,-07:00,2025-10-31T22:06:03-07:00,0,6
style.css,220,css,449a1a71,Marcushi,2025-10-31,22:06:03,-07:00,2025-10-31T22:06:03-07:00,1,12
style.css,221,css,449a1a71,Marcushi,2025-10-31,22:06:03,-07:00,2025-10-31T22:06:03-07:00,1,57
style.css,222,css,449a1a71,Marcushi,2025-10-31,22:06:03,-07:00,2025-10-31T22:06:03-07:00,1,14
style.css,223,css,449a1a71,Marcushi,2025-10-31,22:06:03,-07:00,2025-10-31T22:06:03-07:00,1,19
style.css,224,css,449a1a71,Marcushi,2025-10-31,22:06:03,-07:00,2025-10-31T22:06:03-07:00,1,21
style.css,225,css,449a1a71,Marcushi,2025-10-31,22:06:03,-07:00,2025-10-31T22:06:03-07:00,1,19
style.css,226,css,449a1a71,Marcushi,2025-10-31,22:06:03,-07:00,2025-10-31T22:06:03-07:00,0,0
style.css,227,css,449a1a71,Marcushi,2025-10-31,22:06:03,-07:00,2025-10-31T22:06:03-07:00,0,0
style.css,228,css,449a1a71,Marcushi,2025-10-31,22:06:03,-07:00,2025-10-31T22:06:03-07:00,0,11
style.css,229,css,449a1a71,Marcushi,2025-10-31,22:06:03,-07:00,2025-10-31T22:06:03-07:00,1,12
style.css,230,css,449a1a71,Marcushi,2025-10-31,22:06:03,-07:00,2025-10-31T22:06:03-07:00,1,18
style.css,231,css,449a1a71,Marcushi,2025-10-31,22:06:03,-07:00,2025-10-31T22:06:03-07:00,1,9
style.css,232,css,449a1a71,Marcushi,2025-10-31,22:06:03,-07:00,2025-10-31T22:06:03-07:00,1,13
style.css,233,css,449a1a71,Marcushi,2025-10-31,22:06:03,-07:00,2025-10-31T22:06:03-07:00,1,16
style.css,234,css,449a1a71,Marcushi,2025-10-31,22:06:03,-07:00,2025-10-31T22:06:03-07:00,0,0
style.css,235,css,449a1a71,Marcushi,2025-10-31,22:06:03,-07:00,2025-10-31T22:06:03-07:00,0,0
style.css,236,css,449a1a71,Marcushi,2025-10-31,22:06:03,-07:00,2025-10-31T22:06:03-07:00,0,19
style.css,237,css,449a1a71,Marcushi,2025-10-31,22:06:03,-07:00,2025-10-31T22:06:03-07:00,1,11
style.css,238,css,449a1a71,Marcushi,2025-10-31,22:06:03,-07:00,2025-10-31T22:06:03-07:00,1,12
style.css,239,css,449a1a71,Marcushi,2025-10-31,22:06:03,-07:00,2025-10-31T22:06:03-07:00,1,23
style.css,240,css,449a1a71,Marcushi,2025-10-31,22:06:03,-07:00,2025-10-31T22:06:03-07:00,1,17
style.css,241,css,449a1a71,Marcushi,2025-10-31,22:06:03,-07:00,2025-10-31T22:06:03-07:00,1,20
style.css,242,css,449a1a71,Marcushi,2025-10-31,22:06:03,-07:00,2025-10-31T22:06:03-07:00,0,0
style.css,243,css,449a1a71,Marcushi,2025-10-31,22:06:03,-07:00,2025-10-31T22:06:03-07:00,0,0
style.css,244,css,449a1a71,Marcushi,2025-10-31,22:06:03,-07:00,2025-10-31T22:06:03-07:00,0,14
style.css,245,css,449a1a71,Marcushi,2025-10-31,22:06:03,-07:00,2025-10-31T22:06:03-07:00,1,17
style.css,246,css,449a1a71,Marcushi,2025-10-31,22:06:03,-07:00,2025-10-31T22:06:03-07:00,1,10
style.css,247,css,449a1a71,Marcushi,2025-10-31,22:06:03,-07:00,2025-10-31T22:06:03-07:00,0,0
style.css,248,css,449a1a71,Marcushi,2025-10-31,22:06:03,-07:00,2025-10-31T22:06:03-07:00,0,0
style.css,249,css,449a1a71,Marcushi,2025-10-31,22:06:03,-07:00,2025-10-31T22:06:03-07:00,0,3
style.css,250,css,449a1a71,Marcushi,2025-10-31,22:06:03,-07:00,2025-10-31T22:06:03-07:00,1,12
style.css,251,css,449a1a71,Marcushi,2025-10-31,22:06:03,-07:00,2025-10-31T22:06:03-07:00,1,18
style.css,252,css,449a1a71,Marcushi,2025-10-31,22:06:03,-07:00,2025-10-31T22:06:03-07:00,1,11
style.css,253,css,449a1a71,Marcushi,2025-10-31,22:06:03,-07:00,2025-10-31T22:06:03-07:00,0,0
style.css,254,css,449a1a71,Marcushi,2025-10-31,22:06:03,-07:00,2025-10-31T22:06:03-07:00,0,22
style.css,255,css,449a1a71,Marcushi,2025-10-31,22:06:03,-07:00,2025-10-31T22:06:03-07:00,0,0
style.css,256,css,af518029,Marcushi,2025-10-31,23:16:44,-07:00,2025-10-31T23:16:44-07:00,0,26
style.css,257,css,af518029,Marcushi,2025-10-31,23:16:44,-07:00,2025-10-31T23:16:44-07:00,0,10
style.css,258,css,af518029,Marcushi,2025-10-31,23:16:44,-07:00,2025-10-31T23:16:44-07:00,1,10
style.css,259,css,af518029,Marcushi,2025-10-31,23:16:44,-07:00,2025-10-31T23:16:44-07:00,1,19
style.css,260,css,af518029,Marcushi,2025-10-31,23:16:44,-07:00,2025-10-31T23:16:44-07:00,1,45
style.css,261,css,af518029,Marcushi,2025-10-31,23:16:44,-07:00,2025-10-31T23:16:44-07:00,1,19
style.css,262,css,af518029,Marcushi,2025-10-31,23:16:44,-07:00,2025-10-31T23:16:44-07:00,1,22
style.css,263,css,508a2d37,Marcushi,2025-11-01,15:57:29,-07:00,2025-11-01T15:57:29-07:00,0,0
style.css,264,css,508a2d37,Marcushi,2025-11-01,15:57:29,-07:00,2025-11-01T15:57:29-07:00,0,0
style.css,265,css,508a2d37,Marcushi,2025-11-01,15:57:29,-07:00,2025-11-01T15:57:29-07:00,0,38
style.css,266,css,508a2d37,Marcushi,2025-11-01,15:57:29,-07:00,2025-11-01T15:57:29-07:00,0,23
style.css,267,css,508a2d37,Marcushi,2025-11-01,15:57:29,-07:00,2025-11-01T15:57:29-07:00,1,14
style.css,268,css,508a2d37,Marcushi,2025-11-01,15:57:29,-07:00,2025-11-01T15:57:29-07:00,1,16
style.css,269,css,508a2d37,Marcushi,2025-11-01,15:57:29,-07:00,2025-11-01T15:57:29-07:00,0,0
style.css,270,css,508a2d37,Marcushi,2025-11-01,15:57:29,-07:00,2025-11-01T15:57:29-07:00,0,0
style.css,271,css,508a2d37,Marcushi,2025-11-01,15:57:29,-07:00,2025-11-01T15:57:29-07:00,0,51
style.css,272,css,508a2d37,Marcushi,2025-11-01,15:57:29,-07:00,2025-11-01T15:57:29-07:00,1,11
style.css,273,css,508a2d37,Marcushi,2025-11-01,15:57:29,-07:00,2025-11-01T15:57:29-07:00,0,0
style.css,274,css,508a2d37,Marcushi,2025-11-01,15:57:29,-07:00,2025-11-01T15:57:29-07:00,0,0
style.css,275,css,508a2d37,Marcushi,2025-11-01,15:57:29,-07:00,2025-11-01T15:57:29-07:00,0,29
style.css,276,css,508a2d37,Marcushi,2025-11-01,15:57:29,-07:00,2025-11-01T15:57:29-07:00,1,30
style.css,277,css,508a2d37,Marcushi,2025-11-01,15:57:29,-07:00,2025-11-01T15:57:29-07:00,1,17
style.css,278,css,508a2d37,Marcushi,2025-11-01,15:57:29,-07:00,2025-11-01T15:57:29-07:00,1,15
style.css,279,css,508a2d37,Marcushi,2025-11-01,15:57:29,-07:00,2025-11-01T15:57:29-07:00,0,0
style.css,280,css,508a2d37,Marcushi,2025-11-01,15:57:29,-07:00,2025-11-01T15:57:29-07:00,0,0
style.css,281,css,508a2d37,Marcushi,2025-11-01,15:57:29,-07:00,2025-11-01T15:57:29-07:00,0,32
style.css,282,css,508a2d37,Marcushi,2025-11-01,15:57:29,-07:00,2025-11-01T15:57:29-07:00,1,32
style.css,283,css,508a2d37,Marcushi,2025-11-01,15:57:29,-07:00,2025-11-01T15:57:29-07:00,1,12
style.css,284,css,508a2d37,Marcushi,2025-11-01,15:57:29,-07:00,2025-11-01T15:57:29-07:00,1,16
style.css,285,css,508a2d37,Marcushi,2025-11-01,15:57:29,-07:00,2025-11-01T15:57:29-07:00,0,0
style.css,286,css,508a2d37,Marcushi,2025-11-01,15:57:29,-07:00,2025-11-01T15:57:29-07:00,0,0
style.css,287,css,508a2d37,Marcushi,2025-11-01,15:57:29,-07:00,2025-11-01T15:57:29-07:00,0,29
style.css,288,css,1f5a09d8,Marcushi,2025-11-01,15:57:57,-07:00,2025-11-01T15:57:57-07:00,1,35
style.css,289,css,508a2d37,Marcushi,2025-11-01,15:57:29,-07:00,2025-11-01T15:57:29-07:00,0,0
style.css,290,css,508a2d37,Marcushi,2025-11-01,15:57:29,-07:00,2025-11-01T15:57:29-07:00,0,0
style.css,291,css,508a2d37,Marcushi,2025-11-01,15:57:29,-07:00,2025-11-01T15:57:29-07:00,0,28
style.css,292,css,508a2d37,Marcushi,2025-11-01,15:57:29,-07:00,2025-11-01T15:57:29-07:00,1,10
style.css,293,css,508a2d37,Marcushi,2025-11-01,15:57:29,-07:00,2025-11-01T15:57:29-07:00,1,11
style.css,294,css,508a2d37,Marcushi,2025-11-01,15:57:29,-07:00,2025-11-01T15:57:29-07:00,1,17
style.css,295,css,508a2d37,Marcushi,2025-11-01,15:57:29,-07:00,2025-11-01T15:57:29-07:00,1,23
style.css,296,css,508a2d37,Marcushi,2025-11-01,15:57:29,-07:00,2025-11-01T15:57:29-07:00,1,20
style.css,297,css,508a2d37,Marcushi,2025-11-01,15:57:29,-07:00,2025-11-01T15:57:29-07:00,1,18
style.css,298,css,af518029,Marcushi,2025-10-31,23:16:44,-07:00,2025-10-31T23:16:44-07:00,0,0
index.js,1,js,295b54ce,Marcushi,2025-10-24,22:29:25,-07:00,2025-10-24T22:29:25-07:00,0,19
index.js,2,js,08492d3a,Marcushi,2025-10-24,23:00:56,-07:00,2025-10-24T23:00:56-07:00,0,71
index.js,3,js,295b54ce,Marcushi,2025-10-24,22:29:25,-07:00,2025-10-24T22:29:25-07:00,0,0
index.js,4,js,295b54ce,Marcushi,2025-10-24,22:29:25,-07:00,2025-10-24T22:29:25-07:00,0,36
index.js,5,js,295b54ce,Marcushi,2025-10-24,22:29:25,-07:00,2025-10-24T22:29:25-07:00,1,3
index.js,6,js,295b54ce,Marcushi,2025-10-24,22:29:25,-07:00,2025-10-24T22:29:25-07:00,2,54
index.js,7,js,295b54ce,Marcushi,2025-10-24,22:29:25,-07:00,2025-10-24T22:29:25-07:00,2,42
index.js,8,js,295b54ce,Marcushi,2025-10-24,22:29:25,-07:00,2025-10-24T22:29:25-07:00,0,0
index.js,9,js,295b54ce,Marcushi,2025-10-24,22:29:25,-07:00,2025-10-24T22:29:25-07:00,2,52
index.js,10,js,295b54ce,Marcushi,2025-10-24,22:29:25,-07:00,2025-10-24T22:29:25-07:00,2,15
index.js,11,js,295b54ce,Marcushi,2025-10-24,22:29:25,-07:00,2025-10-24T22:29:25-07:00,3,60
index.js,12,js,295b54ce,Marcushi,2025-10-24,22:29:25,-07:00,2025-10-24T22:29:25-07:00,3,5
index.js,13,js,295b54ce,Marcushi,2025-10-24,22:29:25,-07:00,2025-10-24T22:29:25-07:00,2,0
index.js,14,js,295b54ce,Marcushi,2025-10-24,22:29:25,-07:00,2025-10-24T22:29:25-07:00,0,0
index.js,15,js,295b54ce,Marcushi,2025-10-24,22:29:25,-07:00,2025-10-24T22:29:25-07:00,2,46
index.js,16,js,295b54ce,Marcushi,2025-10-24,22:29:25,-07:00,2025-10-24T22:29:25-07:00,0,0
index.js,17,js,295b54ce,Marcushi,2025-10-24,22:29:25,-07:00,2025-10-24T22:29:25-07:00,2,53
index.js,18,js,295b54ce,Marcushi,2025-10-24,22:29:25,-07:00,2025-10-24T22:29:25-07:00,1,13
index.js,19,js,295b54ce,Marcushi,2025-10-24,22:29:25,-07:00,2025-10-24T22:29:25-07:00,2,53
index.js,20,js,295b54ce,Marcushi,2025-10-24,22:29:25,-07:00,2025-10-24T22:29:25-07:00,1,0
index.js,21,js,295b54ce,Marcushi,2025-10-24,22:29:25,-07:00,2025-10-24T22:29:25-07:00,0,3
index.js,22,js,08492d3a,Marcushi,2025-10-24,23:00:56,-07:00,2025-10-24T23:00:56-07:00,0,0
index.js,23,js,08492d3a,Marcushi,2025-10-24,23:00:56,-07:00,2025-10-24T23:00:56-07:00,0,29
index.js,24,js,08492d3a,Marcushi,2025-10-24,23:00:56,-07:00,2025-10-24T23:00:56-07:00,0,30
index.js,25,js,08492d3a,Marcushi,2025-10-24,23:00:56,-07:00,2025-10-24T23:00:56-07:00,1,53
index.js,26,js,08492d3a,Marcushi,2025-10-24,23:00:56,-07:00,2025-10-24T23:00:56-07:00,1,61
index.js,27,js,a08d0efc,Marcushi,2025-10-24,23:08:24,-07:00,2025-10-24T23:08:24-07:00,0,0
index.js,28,js,a08d0efc,Marcushi,2025-10-24,23:08:24,-07:00,2025-10-24T23:08:24-07:00,1,60
index.js,29,js,142bc791,Marcushi,2025-10-24,23:33:38,-07:00,2025-10-24T23:33:38-07:00,1,18
index.js,30,js,142bc791,Marcushi,2025-10-24,23:33:38,-07:00,2025-10-24T23:33:38-07:00,2,51
index.js,31,js,142bc791,Marcushi,2025-10-24,23:33:38,-07:00,2025-10-24T23:33:38-07:00,2,5
index.js,32,js,142bc791,Marcushi,2025-10-24,23:33:38,-07:00,2025-10-24T23:33:38-07:00,1,0
index.js,33,js,142bc791,Marcushi,2025-10-24,23:33:38,-07:00,2025-10-24T23:33:38-07:00,0,0
index.js,34,js,142bc791,Marcushi,2025-10-24,23:33:38,-07:00,2025-10-24T23:33:38-07:00,1,24
index.js,35,js,142bc791,Marcushi,2025-10-24,23:33:38,-07:00,2025-10-24T23:33:38-07:00,2,22
index.js,36,js,142bc791,Marcushi,2025-10-24,23:33:38,-07:00,2025-10-24T23:33:38-07:00,2,2
index.js,37,js,142bc791,Marcushi,2025-10-24,23:33:38,-07:00,2025-10-24T23:33:38-07:00,3,55
index.js,38,js,142bc791,Marcushi,2025-10-24,23:33:38,-07:00,2025-10-24T23:33:38-07:00,3,55
index.js,39,js,142bc791,Marcushi,2025-10-24,23:33:38,-07:00,2025-10-24T23:33:38-07:00,3,49
index.js,40,js,142bc791,Marcushi,2025-10-24,23:33:38,-07:00,2025-10-24T23:33:38-07:00,3,49
index.js,41,js,142bc791,Marcushi,2025-10-24,23:33:38,-07:00,2025-10-24T23:33:38-07:00,2,3
index.js,42,js,142bc791,Marcushi,2025-10-24,23:33:38,-07:00,2025-10-24T23:33:38-07:00,1,0
index.js,43,js,08492d3a,Marcushi,2025-10-24,23:00:56,-07:00,2025-10-24T23:00:56-07:00,0,3
index.js,44,js,08492d3a,Marcushi,2025-10-24,23:00:56,-07:00,2025-10-24T23:00:56-07:00,0,0
index.js,45,js,142bc791,Marcushi,2025-10-24,23:33:38,-07:00,2025-10-24T23:33:38-07:00,0,0
index.html,1,html,0861a28e,Marcushi,2025-10-03,20:56:48,-07:00,2025-10-03T20:56:48-07:00,0,13
index.html,2,html,0861a28e,Marcushi,2025-10-03,20:56:48,-07:00,2025-10-03T20:56:48-07:00,0,14
index.html,3,html,0861a28e,Marcushi,2025-10-03,20:56:48,-07:00,2025-10-03T20:56:48-07:00,0,4
index.html,4,html,0861a28e,Marcushi,2025-10-03,20:56:48,-07:00,2025-10-03T20:56:48-07:00,2,20
index.html,5,html,0861a28e,Marcushi,2025-10-03,20:56:48,-07:00,2025-10-03T20:56:48-07:00,2,68
index.html,6,html,0861a28e,Marcushi,2025-10-03,20:56:48,-07:00,2025-10-03T20:56:48-07:00,2,40
index.html,7,html,f3260dc2,Marcushi,2025-10-03,21:30:30,-07:00,2025-10-03T21:30:30-07:00,2,38
index.html,8,html,0861a28e,Marcushi,2025-10-03,20:56:48,-07:00,2025-10-03T20:56:48-07:00,0,5
index.html,9,html,0861a28e,Marcushi,2025-10-03,20:56:48,-07:00,2025-10-03T20:56:48-07:00,0,4
index.html,10,html,0861a28e,Marcushi,2025-10-03,20:56:48,-07:00,2025-10-03T20:56:48-07:00,0,0
index.html,11,html,0861a28e,Marcushi,2025-10-03,20:56:48,-07:00,2025-10-03T20:56:48-07:00,1,17
index.html,12,html,f3260dc2,Marcushi,2025-10-03,21:30:30,-07:00,2025-10-03T21:30:30-07:00,1,91
index.html,13,html,f3260dc2,Marcushi,2025-10-03,21:30:30,-07:00,2025-10-03T21:30:30-07:00,1,95
index.html,14,html,ac01912b,Marcushi,2025-10-03,21:21:36,-07:00,2025-10-03T21:21:36-07:00,1,92
index.html,15,html,f3260dc2,Marcushi,2025-10-03,21:30:30,-07:00,2025-10-03T21:30:30-07:00,1,56
index.html,16,html,295b54ce,Marcushi,2025-10-24,22:29:25,-07:00,2025-10-24T22:29:25-07:00,1,0
index.html,17,html,295b54ce,Marcushi,2025-10-24,22:29:25,-07:00,2025-10-24T22:29:25-07:00,1,22
index.html,18,html,142bc791,Marcushi,2025-10-24,23:33:38,-07:00,2025-10-24T23:33:38-07:00,1,26
index.html,19,html,ef2cdfe2,Marcushi,2025-10-17,20:05:40,-07:00,2025-10-17T20:05:40-07:00,0,0
index.html,20,html,a08d0efc,Marcushi,2025-10-24,23:08:24,-07:00,2025-10-24T23:08:24-07:00,1,36
index.html,21,html,a08d0efc,Marcushi,2025-10-24,23:08:24,-07:00,2025-10-24T23:08:24-07:00,0,0
index.html,22,html,ef2cdfe2,Marcushi,2025-10-17,20:05:40,-07:00,2025-10-17T20:05:40-07:00,1,45
index.html,23,html,295b54ce,Marcushi,2025-10-24,22:29:25,-07:00,2025-10-24T22:29:25-07:00,1,50
index.html,24,html,295b54ce,Marcushi,2025-10-24,22:29:25,-07:00,2025-10-24T22:29:25-07:00,0,0
index.html,25,html,0861a28e,Marcushi,2025-10-03,20:56:48,-07:00,2025-10-03T20:56:48-07:00,0,5
index.html,26,html,0861a28e,Marcushi,2025-10-03,20:56:48,-07:00,2025-10-03T20:56:48-07:00,0,5
global.js,1,js,ef2cdfe2,Marcushi,2025-10-17,20:05:40,-07:00,2025-10-17T20:05:40-07:00,0,10
global.js,2,js,ef2cdfe2,Marcushi,2025-10-17,20:05:40,-07:00,2025-10-17T20:05:40-07:00,0,25
global.js,3,js,ef2cdfe2,Marcushi,2025-10-17,20:05:40,-07:00,2025-10-17T20:05:40-07:00,0,0
global.js,4,js,ef2cdfe2,Marcushi,2025-10-17,20:05:40,-07:00,2025-10-17T20:05:40-07:00,0,41
global.js,5,js,ef2cdfe2,Marcushi,2025-10-17,20:05:40,-07:00,2025-10-17T20:05:40-07:00,1,52
global.js,6,js,ef2cdfe2,Marcushi,2025-10-17,20:05:40,-07:00,2025-10-17T20:05:40-07:00,0,0
global.js,7,js,ef2cdfe2,Marcushi,2025-10-17,20:05:40,-07:00,2025-10-17T20:05:40-07:00,0,0
global.js,8,js,ef2cdfe2,Marcushi,2025-10-17,20:05:40,-07:00,2025-10-17T20:05:40-07:00,0,11
global.js,9,js,ef2cdfe2,Marcushi,2025-10-17,20:05:40,-07:00,2025-10-17T20:05:40-07:00,1,25
global.js,10,js,ef2cdfe2,Marcushi,2025-10-17,20:05:40,-07:00,2025-10-17T20:05:40-07:00,1,38
global.js,11,js,ef2cdfe2,Marcushi,2025-10-17,20:05:40,-07:00,2025-10-17T20:05:40-07:00,1,36
global.js,12,js,ef2cdfe2,Marcushi,2025-10-17,20:05:40,-07:00,2025-10-17T20:05:40-07:00,1,34
global.js,13,js,00000000,Not Committed Yet,2025-11-07,18:43:14,-08:00,2025-11-07T18:43:14-08:00,1,30
global.js,14,js,7fdf6f5b,Marcushi,2025-10-17,20:07:43,-07:00,2025-10-17T20:07:43-07:00,1,55
global.js,15,js,ef2cdfe2,Marcushi,2025-10-17,20:05:40,-07:00,2025-10-17T20:05:40-07:00,0,0
global.js,16,js,ef2cdfe2,Marcushi,2025-10-17,20:05:40,-07:00,2025-10-17T20:05:40-07:00,0,0
global.js,17,js,ef2cdfe2,Marcushi,2025-10-17,20:05:40,-07:00,2025-10-17T20:05:40-07:00,0,15
global.js,18,js,ef2cdfe2,Marcushi,2025-10-17,20:05:40,-07:00,2025-10-17T20:05:40-07:00,1,68
global.js,19,js,ef2cdfe2,Marcushi,2025-10-17,20:05:40,-07:00,2025-10-17T20:05:40-07:00,2,3
global.js,20,js,761b5331,Marcushi,2025-10-17,20:09:51,-07:00,2025-10-17T20:09:51-07:00,2,23
global.js,21,js,ef2cdfe2,Marcushi,2025-10-17,20:05:40,-07:00,2025-10-17T20:05:40-07:00,0,0
global.js,22,js,ef2cdfe2,Marcushi,2025-10-17,20:05:40,-07:00,2025-10-17T20:05:40-07:00,0,38
global.js,23,js,ef2cdfe2,Marcushi,2025-10-17,20:05:40,-07:00,2025-10-17T20:05:40-07:00,0,25
global.js,24,js,ef2cdfe2,Marcushi,2025-10-17,20:05:40,-07:00,2025-10-17T20:05:40-07:00,0,0
global.js,25,js,ef2cdfe2,Marcushi,2025-10-17,20:05:40,-07:00,2025-10-17T20:05:40-07:00,0,20
global.js,26,js,ef2cdfe2,Marcushi,2025-10-17,20:05:40,-07:00,2025-10-17T20:05:40-07:00,1,61
global.js,27,js,ef2cdfe2,Marcushi,2025-10-17,20:05:40,-07:00,2025-10-17T20:05:40-07:00,1,18
global.js,28,js,ef2cdfe2,Marcushi,2025-10-17,20:05:40,-07:00,2025-10-17T20:05:40-07:00,0,0
global.js,29,js,ef2cdfe2,Marcushi,2025-10-17,20:05:40,-07:00,2025-10-17T20:05:40-07:00,1,34
global.js,30,js,ef2cdfe2,Marcushi,2025-10-17,20:05:40,-07:00,2025-10-17T20:05:40-07:00,1,11
global.js,31,js,ef2cdfe2,Marcushi,2025-10-17,20:05:40,-07:00,2025-10-17T20:05:40-07:00,1,20
global.js,32,js,ef2cdfe2,Marcushi,2025-10-17,20:05:40,-07:00,2025-10-17T20:05:40-07:00,0,0
global.js,33,js,ef2cdfe2,Marcushi,2025-10-17,20:05:40,-07:00,2025-10-17T20:05:40-07:00,1,17
global.js,34,js,ef2cdfe2,Marcushi,2025-10-17,20:05:40,-07:00,2025-10-17T20:05:40-07:00,2,8
global.js,35,js,ef2cdfe2,Marcushi,2025-10-17,20:05:40,-07:00,2025-10-17T20:05:40-07:00,2,58
global.js,36,js,ef2cdfe2,Marcushi,2025-10-17,20:05:40,-07:00,2025-10-17T20:05:40-07:00,1,0
global.js,37,js,ef2cdfe2,Marcushi,2025-10-17,20:05:40,-07:00,2025-10-17T20:05:40-07:00,0,0
global.js,38,js,ef2cdfe2,Marcushi,2025-10-17,20:05:40,-07:00,2025-10-17T20:05:40-07:00,1,29
global.js,39,js,ef2cdfe2,Marcushi,2025-10-17,20:05:40,-07:00,2025-10-17T20:05:40-07:00,2,18
global.js,40,js,ef2cdfe2,Marcushi,2025-10-17,20:05:40,-07:00,2025-10-17T20:05:40-07:00,1,0
global.js,41,js,ef2cdfe2,Marcushi,2025-10-17,20:05:40,-07:00,2025-10-17T20:05:40-07:00,0,0
global.js,42,js,ef2cdfe2,Marcushi,2025-10-17,20:05:40,-07:00,2025-10-17T20:05:40-07:00,1,12
global.js,43,js,77d11eb0,Marcushi,2025-10-17,21:11:32,-07:00,2025-10-17T21:11:32-07:00,0,0
global.js,44,js,77d11eb0,Marcushi,2025-10-17,21:11:32,-07:00,2025-10-17T21:11:32-07:00,0,0
global.js,45,js,77d11eb0,Marcushi,2025-10-17,21:11:32,-07:00,2025-10-17T21:11:32-07:00,0,22
global.js,46,js,77d11eb0,Marcushi,2025-10-17,21:11:32,-07:00,2025-10-17T21:11:32-07:00,0,31
global.js,47,js,77d11eb0,Marcushi,2025-10-17,21:11:32,-07:00,2025-10-17T21:11:32-07:00,1,11
global.js,48,js,77d11eb0,Marcushi,2025-10-17,21:11:32,-07:00,2025-10-17T21:11:32-07:00,1,0
global.js,49,js,77d11eb0,Marcushi,2025-10-17,21:11:32,-07:00,2025-10-17T21:11:32-07:00,1,26
global.js,50,js,77d11eb0,Marcushi,2025-10-17,21:11:32,-07:00,2025-10-17T21:11:32-07:00,2,4
global.js,51,js,77d11eb0,Marcushi,2025-10-17,21:11:32,-07:00,2025-10-17T21:11:32-07:00,2,6
global.js,52,js,77d11eb0,Marcushi,2025-10-17,21:11:32,-07:00,2025-10-17T21:11:32-07:00,3,43
global.js,53,js,77d11eb0,Marcushi,2025-10-17,21:11:32,-07:00,2025-10-17T21:11:32-07:00,3,34
global.js,54,js,77d11eb0,Marcushi,2025-10-17,21:11:32,-07:00,2025-10-17T21:11:32-07:00,3,32
global.js,55,js,77d11eb0,Marcushi,2025-10-17,21:11:32,-07:00,2025-10-17T21:11:32-07:00,2,7
global.js,56,js,77d11eb0,Marcushi,2025-10-17,21:11:32,-07:00,2025-10-17T21:11:32-07:00,1,6
global.js,57,js,77d11eb0,Marcushi,2025-10-17,21:11:32,-07:00,2025-10-17T21:11:32-07:00,1,0
global.js,58,js,77d11eb0,Marcushi,2025-10-17,21:11:32,-07:00,2025-10-17T21:11:32-07:00,0,0
global.js,59,js,77d11eb0,Marcushi,2025-10-17,21:11:32,-07:00,2025-10-17T21:11:32-07:00,0,0
global.js,60,js,77d11eb0,Marcushi,2025-10-17,21:11:32,-07:00,2025-10-17T21:11:32-07:00,0,60
global.js,61,js,77d11eb0,Marcushi,2025-10-17,21:11:32,-07:00,2025-10-17T21:11:32-07:00,0,0
global.js,62,js,77d11eb0,Marcushi,2025-10-17,21:11:32,-07:00,2025-10-17T21:11:32-07:00,0,43
global.js,63,js,77d11eb0,Marcushi,2025-10-17,21:11:32,-07:00,2025-10-17T21:11:32-07:00,1,32
global.js,64,js,77d11eb0,Marcushi,2025-10-17,21:11:32,-07:00,2025-10-17T21:11:32-07:00,1,45
global.js,65,js,77d11eb0,Marcushi,2025-10-17,21:11:32,-07:00,2025-10-17T21:11:32-07:00,1,65
global.js,66,js,77d11eb0,Marcushi,2025-10-17,21:11:32,-07:00,2025-10-17T21:11:32-07:00,1,32
global.js,67,js,77d11eb0,Marcushi,2025-10-17,21:11:32,-07:00,2025-10-17T21:11:32-07:00,0,1
global.js,68,js,77d11eb0,Marcushi,2025-10-17,21:11:32,-07:00,2025-10-17T21:11:32-07:00,0,0
global.js,69,js,77d11eb0,Marcushi,2025-10-17,21:11:32,-07:00,2025-10-17T21:11:32-07:00,0,34
global.js,70,js,77d11eb0,Marcushi,2025-10-17,21:11:32,-07:00,2025-10-17T21:11:32-07:00,1,37
global.js,71,js,77d11eb0,Marcushi,2025-10-17,21:11:32,-07:00,2025-10-17T21:11:32-07:00,1,64
global.js,72,js,77d11eb0,Marcushi,2025-10-17,21:11:32,-07:00,2025-10-17T21:11:32-07:00,1,59
global.js,73,js,d851b541,Marcushi,2025-10-17,21:33:32,-07:00,2025-10-17T21:33:32-07:00,0,0
global.js,74,js,d851b541,Marcushi,2025-10-17,21:33:32,-07:00,2025-10-17T21:33:32-07:00,0,0
global.js,75,js,d851b541,Marcushi,2025-10-17,21:33:32,-07:00,2025-10-17T21:33:32-07:00,0,28
global.js,76,js,d851b541,Marcushi,2025-10-17,21:33:32,-07:00,2025-10-17T21:33:32-07:00,0,42
global.js,77,js,d851b541,Marcushi,2025-10-17,21:33:32,-07:00,2025-10-17T21:33:32-07:00,0,0
global.js,78,js,d851b541,Marcushi,2025-10-17,21:33:32,-07:00,2025-10-17T21:33:32-07:00,0,43
global.js,79,js,d851b541,Marcushi,2025-10-17,21:33:32,-07:00,2025-10-17T21:33:32-07:00,1,21
global.js,80,js,d851b541,Marcushi,2025-10-17,21:33:32,-07:00,2025-10-17T21:33:32-07:00,1,30
global.js,81,js,d851b541,Marcushi,2025-10-17,21:33:32,-07:00,2025-10-17T21:33:32-07:00,1,26
global.js,82,js,d851b541,Marcushi,2025-10-17,21:33:32,-07:00,2025-10-17T21:33:32-07:00,0,0
global.js,83,js,d851b541,Marcushi,2025-10-17,21:33:32,-07:00,2025-10-17T21:33:32-07:00,1,31
global.js,84,js,d851b541,Marcushi,2025-10-17,21:33:32,-07:00,2025-10-17T21:33:32-07:00,2,45
global.js,85,js,d851b541,Marcushi,2025-10-17,21:33:32,-07:00,2025-10-17T21:33:32-07:00,1,0
global.js,86,js,d851b541,Marcushi,2025-10-17,21:33:32,-07:00,2025-10-17T21:33:32-07:00,0,0
global.js,87,js,d851b541,Marcushi,2025-10-17,21:33:32,-07:00,2025-10-17T21:33:32-07:00,1,18
global.js,88,js,73663287,Marcushi,2025-10-24,22:23:57,-07:00,2025-10-24T22:23:57-07:00,0,1
global.js,89,js,73663287,Marcushi,2025-10-24,22:23:57,-07:00,2025-10-24T22:23:57-07:00,0,0
global.js,90,js,73663287,Marcushi,2025-10-24,22:23:57,-07:00,2025-10-24T22:23:57-07:00,0,41
global.js,91,js,73663287,Marcushi,2025-10-24,22:23:57,-07:00,2025-10-24T22:23:57-07:00,0,36
global.js,92,js,73663287,Marcushi,2025-10-24,22:23:57,-07:00,2025-10-24T22:23:57-07:00,1,3
global.js,93,js,73663287,Marcushi,2025-10-24,22:23:57,-07:00,2025-10-24T22:23:57-07:00,2,32
global.js,94,js,73663287,Marcushi,2025-10-24,22:23:57,-07:00,2025-10-24T22:23:57-07:00,0,0
global.js,95,js,73663287,Marcushi,2025-10-24,22:23:57,-07:00,2025-10-24T22:23:57-07:00,2,17
global.js,96,js,73663287,Marcushi,2025-10-24,22:23:57,-07:00,2025-10-24T22:23:57-07:00,3,85
global.js,97,js,73663287,Marcushi,2025-10-24,22:23:57,-07:00,2025-10-24T22:23:57-07:00,2,0
global.js,98,js,73663287,Marcushi,2025-10-24,22:23:57,-07:00,2025-10-24T22:23:57-07:00,0,0
global.js,99,js,73663287,Marcushi,2025-10-24,22:23:57,-07:00,2025-10-24T22:23:57-07:00,2,33
global.js,100,js,73663287,Marcushi,2025-10-24,22:23:57,-07:00,2025-10-24T22:23:57-07:00,2,10
global.js,101,js,73663287,Marcushi,2025-10-24,22:23:57,-07:00,2025-10-24T22:23:57-07:00,1,15
global.js,102,js,73663287,Marcushi,2025-10-24,22:23:57,-07:00,2025-10-24T22:23:57-07:00,2,59
global.js,103,js,73663287,Marcushi,2025-10-24,22:23:57,-07:00,2025-10-24T22:23:57-07:00,2,8
global.js,104,js,73663287,Marcushi,2025-10-24,22:23:57,-07:00,2025-10-24T22:23:57-07:00,1,0
global.js,105,js,73663287,Marcushi,2025-10-24,22:23:57,-07:00,2025-10-24T22:23:57-07:00,0,0
global.js,106,js,73663287,Marcushi,2025-10-24,22:23:57,-07:00,2025-10-24T22:23:57-07:00,0,0
global.js,107,js,73663287,Marcushi,2025-10-24,22:23:57,-07:00,2025-10-24T22:23:57-07:00,0,41
global.js,108,js,73663287,Marcushi,2025-10-24,22:23:57,-07:00,2025-10-24T22:23:57-07:00,0,79
global.js,109,js,73663287,Marcushi,2025-10-24,22:23:57,-07:00,2025-10-24T22:23:57-07:00,1,28
global.js,110,js,73663287,Marcushi,2025-10-24,22:23:57,-07:00,2025-10-24T22:23:57-07:00,0,0
global.js,111,js,73663287,Marcushi,2025-10-24,22:23:57,-07:00,2025-10-24T22:23:57-07:00,1,30
global.js,112,js,73663287,Marcushi,2025-10-24,22:23:57,-07:00,2025-10-24T22:23:57-07:00,0,0
global.js,113,js,73663287,Marcushi,2025-10-24,22:23:57,-07:00,2025-10-24T22:23:57-07:00,1,54
global.js,114,js,73663287,Marcushi,2025-10-24,22:23:57,-07:00,2025-10-24T22:23:57-07:00,2,78
global.js,115,js,73663287,Marcushi,2025-10-24,22:23:57,-07:00,2025-10-24T22:23:57-07:00,2,5
global.js,116,js,73663287,Marcushi,2025-10-24,22:23:57,-07:00,2025-10-24T22:23:57-07:00,1,0
global.js,117,js,73663287,Marcushi,2025-10-24,22:23:57,-07:00,2025-10-24T22:23:57-07:00,0,0
global.js,118,js,73663287,Marcushi,2025-10-24,22:23:57,-07:00,2025-10-24T22:23:57-07:00,1,31
global.js,119,js,73663287,Marcushi,2025-10-24,22:23:57,-07:00,2025-10-24T22:23:57-07:00,2,48
global.js,120,js,73663287,Marcushi,2025-10-24,22:23:57,-07:00,2025-10-24T22:23:57-07:00,2,48
global.js,121,js,73663287,Marcushi,2025-10-24,22:23:57,-07:00,2025-10-24T22:23:57-07:00,2,55
global.js,122,js,73663287,Marcushi,2025-10-24,22:23:57,-07:00,2025-10-24T22:23:57-07:00,2,37
global.js,123,js,73663287,Marcushi,2025-10-24,22:23:57,-07:00,2025-10-24T22:23:57-07:00,0,0
global.js,124,js,73663287,Marcushi,2025-10-24,22:23:57,-07:00,2025-10-24T22:23:57-07:00,2,19
global.js,125,js,73663287,Marcushi,2025-10-24,22:23:57,-07:00,2025-10-24T22:23:57-07:00,3,41
global.js,126,js,73663287,Marcushi,2025-10-24,22:23:57,-07:00,2025-10-24T22:23:57-07:00,3,34
global.js,127,js,449a1a71,Marcushi,2025-10-31,22:06:03,-07:00,2025-10-31T22:06:03-07:00,3,24
global.js,128,js,449a1a71,Marcushi,2025-10-31,22:06:03,-07:00,2025-10-31T22:06:03-07:00,4,12
global.js,129,js,449a1a71,Marcushi,2025-10-31,22:06:03,-07:00,2025-10-31T22:06:03-07:00,4,44
global.js,130,js,449a1a71,Marcushi,2025-10-31,22:06:03,-07:00,2025-10-31T22:06:03-07:00,3,4
global.js,131,js,73663287,Marcushi,2025-10-24,22:23:57,-07:00,2025-10-24T22:23:57-07:00,2,0
global.js,132,js,73663287,Marcushi,2025-10-24,22:23:57,-07:00,2025-10-24T22:23:57-07:00,2,36
global.js,133,js,73663287,Marcushi,2025-10-24,22:23:57,-07:00,2025-10-24T22:23:57-07:00,1,0
global.js,134,js,73663287,Marcushi,2025-10-24,22:23:57,-07:00,2025-10-24T22:23:57-07:00,0,0
global.js,135,js,73663287,Marcushi,2025-10-24,22:23:57,-07:00,2025-10-24T22:23:57-07:00,0,0
global.js,136,js,08492d3a,Marcushi,2025-10-24,23:00:56,-07:00,2025-10-24T23:00:56-07:00,0,23
global.js,137,js,08492d3a,Marcushi,2025-10-24,23:00:56,-07:00,2025-10-24T23:00:56-07:00,0,47
global.js,138,js,08492d3a,Marcushi,2025-10-24,23:00:56,-07:00,2025-10-24T23:00:56-07:00,1,3
global.js,139,js,08492d3a,Marcushi,2025-10-24,23:00:56,-07:00,2025-10-24T23:00:56-07:00,2,71
global.js,140,js,08492d3a,Marcushi,2025-10-24,23:00:56,-07:00,2025-10-24T23:00:56-07:00,2,10
global.js,141,js,08492d3a,Marcushi,2025-10-24,23:00:56,-07:00,2025-10-24T23:00:56-07:00,1,15
global.js,142,js,08492d3a,Marcushi,2025-10-24,23:00:56,-07:00,2025-10-24T23:00:56-07:00,2,50
global.js,143,js,08492d3a,Marcushi,2025-10-24,23:00:56,-07:00,2025-10-24T23:00:56-07:00,2,10
global.js,144,js,08492d3a,Marcushi,2025-10-24,23:00:56,-07:00,2025-10-24T23:00:56-07:00,1,0
global.js,145,js,08492d3a,Marcushi,2025-10-24,23:00:56,-07:00,2025-10-24T23:00:56-07:00,0,0
resume\index.html,1,html,428cc8c3,Marcushi,2025-10-03,22:40:37,-07:00,2025-10-03T22:40:37-07:00,0,13
resume\index.html,2,html,428cc8c3,Marcushi,2025-10-03,22:40:37,-07:00,2025-10-03T22:40:37-07:00,0,14
resume\index.html,3,html,428cc8c3,Marcushi,2025-10-03,22:40:37,-07:00,2025-10-03T22:40:37-07:00,0,4
resume\index.html,4,html,428cc8c3,Marcushi,2025-10-03,22:40:37,-07:00,2025-10-03T22:40:37-07:00,1,20
resume\index.html,5,html,428cc8c3,Marcushi,2025-10-03,22:40:37,-07:00,2025-10-03T22:40:37-07:00,1,68
resume\index.html,6,html,428cc8c3,Marcushi,2025-10-03,22:40:37,-07:00,2025-10-03T22:40:37-07:00,1,32
resume\index.html,7,html,428cc8c3,Marcushi,2025-10-03,22:40:37,-07:00,2025-10-03T22:40:37-07:00,1,41
resume\index.html,8,html,428cc8c3,Marcushi,2025-10-03,22:40:37,-07:00,2025-10-03T22:40:37-07:00,0,5
resume\index.html,9,html,428cc8c3,Marcushi,2025-10-03,22:40:37,-07:00,2025-10-03T22:40:37-07:00,0,4
resume\index.html,10,html,428cc8c3,Marcushi,2025-10-03,22:40:37,-07:00,2025-10-03T22:40:37-07:00,0,0
resume\index.html,11,html,da6f80c0,Marcushi,2025-10-11,22:29:25,-07:00,2025-10-11T22:29:25-07:00,1,18
resume\index.html,12,html,da6f80c0,Marcushi,2025-10-11,22:29:25,-07:00,2025-10-11T22:29:25-07:00,2,13
resume\index.html,13,html,428cc8c3,Marcushi,2025-10-03,22:40:37,-07:00,2025-10-03T22:40:37-07:00,0,0
resume\index.html,14,html,da6f80c0,Marcushi,2025-10-11,22:29:25,-07:00,2025-10-11T22:29:25-07:00,2,7
resume\index.html,15,html,da6f80c0,Marcushi,2025-10-11,22:29:25,-07:00,2025-10-11T22:29:25-07:00,3,16
resume\index.html,16,html,da6f80c0,Marcushi,2025-10-11,22:29:25,-07:00,2025-10-11T22:29:25-07:00,3,7
resume\index.html,17,html,da6f80c0,Marcushi,2025-10-11,22:29:25,-07:00,2025-10-11T22:29:25-07:00,4,22
resume\index.html,18,html,da6f80c0,Marcushi,2025-10-11,22:29:25,-07:00,2025-10-11T22:29:25-07:00,4,36
resume\index.html,19,html,da6f80c0,Marcushi,2025-10-11,22:29:25,-07:00,2025-10-11T22:29:25-07:00,4,81
resume\index.html,20,html,da6f80c0,Marcushi,2025-10-11,22:29:25,-07:00,2025-10-11T22:29:25-07:00,3,8
resume\index.html,21,html,428cc8c3,Marcushi,2025-10-03,22:40:37,-07:00,2025-10-03T22:40:37-07:00,0,0
resume\index.html,22,html,da6f80c0,Marcushi,2025-10-11,22:29:25,-07:00,2025-10-11T22:29:25-07:00,3,7
resume\index.html,23,html,da6f80c0,Marcushi,2025-10-11,22:29:25,-07:00,2025-10-11T22:29:25-07:00,4,42
resume\index.html,24,html,da6f80c0,Marcushi,2025-10-11,22:29:25,-07:00,2025-10-11T22:29:25-07:00,4,25
resume\index.html,25,html,da6f80c0,Marcushi,2025-10-11,22:29:25,-07:00,2025-10-11T22:29:25-07:00,4,81
resume\index.html,26,html,da6f80c0,Marcushi,2025-10-11,22:29:25,-07:00,2025-10-11T22:29:25-07:00,3,8
resume\index.html,27,html,da6f80c0,Marcushi,2025-10-11,22:29:25,-07:00,2025-10-11T22:29:25-07:00,2,8
resume\index.html,28,html,428cc8c3,Marcushi,2025-10-03,22:40:37,-07:00,2025-10-03T22:40:37-07:00,0,0
resume\index.html,29,html,da6f80c0,Marcushi,2025-10-11,22:29:25,-07:00,2025-10-11T22:29:25-07:00,2,7
resume\index.html,30,html,da6f80c0,Marcushi,2025-10-11,22:29:25,-07:00,2025-10-11T22:29:25-07:00,3,17
resume\index.html,31,html,da6f80c0,Marcushi,2025-10-11,22:29:25,-07:00,2025-10-11T22:29:25-07:00,3,7
resume\index.html,32,html,da6f80c0,Marcushi,2025-10-11,22:29:25,-07:00,2025-10-11T22:29:25-07:00,4,27
resume\index.html,33,html,da6f80c0,Marcushi,2025-10-11,22:29:25,-07:00,2025-10-11T22:29:25-07:00,4,80
resume\index.html,34,html,da6f80c0,Marcushi,2025-10-11,22:29:25,-07:00,2025-10-11T22:29:25-07:00,4,81
resume\index.html,35,html,da6f80c0,Marcushi,2025-10-11,22:29:25,-07:00,2025-10-11T22:29:25-07:00,3,8
resume\index.html,36,html,da6f80c0,Marcushi,2025-10-11,22:29:25,-07:00,2025-10-11T22:29:25-07:00,2,8
resume\index.html,37,html,da6f80c0,Marcushi,2025-10-11,22:29:25,-07:00,2025-10-11T22:29:25-07:00,0,0
resume\index.html,38,html,da6f80c0,Marcushi,2025-10-11,22:29:25,-07:00,2025-10-11T22:29:25-07:00,2,7
resume\index.html,39,html,da6f80c0,Marcushi,2025-10-11,22:29:25,-07:00,2025-10-11T22:29:25-07:00,3,13
resume\index.html,40,html,da6f80c0,Marcushi,2025-10-11,22:29:25,-07:00,2025-10-11T22:29:25-07:00,3,2
resume\index.html,41,html,da6f80c0,Marcushi,2025-10-11,22:29:25,-07:00,2025-10-11T22:29:25-07:00,4,46
resume\index.html,42,html,da6f80c0,Marcushi,2025-10-11,22:29:25,-07:00,2025-10-11T22:29:25-07:00,4,40
resume\index.html,43,html,da6f80c0,Marcushi,2025-10-11,22:29:25,-07:00,2025-10-11T22:29:25-07:00,4,33
resume\index.html,44,html,da6f80c0,Marcushi,2025-10-11,22:29:25,-07:00,2025-10-11T22:29:25-07:00,3,3
resume\index.html,45,html,da6f80c0,Marcushi,2025-10-11,22:29:25,-07:00,2025-10-11T22:29:25-07:00,2,8
resume\index.html,46,html,da6f80c0,Marcushi,2025-10-11,22:29:25,-07:00,2025-10-11T22:29:25-07:00,1,4
resume\index.html,47,html,ef2cdfe2,Marcushi,2025-10-17,20:05:40,-07:00,2025-10-17T20:05:40-07:00,1,48
resume\index.html,48,html,428cc8c3,Marcushi,2025-10-03,22:40:37,-07:00,2025-10-03T22:40:37-07:00,0,5
resume\index.html,49,html,428cc8c3,Marcushi,2025-10-03,22:40:37,-07:00,2025-10-03T22:40:37-07:00,0,5
projects\projects.js,1,js,73663287,Marcushi,2025-10-24,22:23:57,-07:00,2025-10-24T22:23:57-07:00,0,31
projects\projects.js,2,js,73663287,Marcushi,2025-10-24,22:23:57,-07:00,2025-10-24T22:23:57-07:00,0,55
projects\projects.js,3,js,449a1a71,Marcushi,2025-10-31,22:06:03,-07:00,2025-10-31T22:06:03-07:00,0,63
projects\projects.js,4,js,73663287,Marcushi,2025-10-24,22:23:57,-07:00,2025-10-24T22:23:57-07:00,0,0
projects\projects.js,5,js,73663287,Marcushi,2025-10-24,22:23:57,-07:00,2025-10-24T22:23:57-07:00,0,16
projects\projects.js,6,js,af518029,Marcushi,2025-10-31,23:16:44,-07:00,2025-10-31T23:16:44-07:00,0,13
projects\projects.js,7,js,508a2d37,Marcushi,2025-11-01,15:57:29,-07:00,2025-11-01T15:57:29-07:00,0,21
projects\projects.js,8,js,508a2d37,Marcushi,2025-11-01,15:57:29,-07:00,2025-11-01T15:57:29-07:00,0,30
projects\projects.js,9,js,508a2d37,Marcushi,2025-11-01,15:57:29,-07:00,2025-11-01T15:57:29-07:00,0,19
projects\projects.js,10,js,73663287,Marcushi,2025-10-24,22:23:57,-07:00,2025-10-24T22:23:57-07:00,0,0
projects\projects.js,11,js,73663287,Marcushi,2025-10-24,22:23:57,-07:00,2025-10-24T22:23:57-07:00,0,30
projects\projects.js,12,js,73663287,Marcushi,2025-10-24,22:23:57,-07:00,2025-10-24T22:23:57-07:00,1,3
projects\projects.js,13,js,73663287,Marcushi,2025-10-24,22:23:57,-07:00,2025-10-24T22:23:57-07:00,2,49
projects\projects.js,14,js,73663287,Marcushi,2025-10-24,22:23:57,-07:00,2025-10-24T22:23:57-07:00,0,0
projects\projects.js,15,js,73663287,Marcushi,2025-10-24,22:23:57,-07:00,2025-10-24T22:23:57-07:00,2,51
projects\projects.js,16,js,73663287,Marcushi,2025-10-24,22:23:57,-07:00,2025-10-24T22:23:57-07:00,2,0
projects\projects.js,17,js,73663287,Marcushi,2025-10-24,22:23:57,-07:00,2025-10-24T22:23:57-07:00,2,52
projects\projects.js,18,js,73663287,Marcushi,2025-10-24,22:23:57,-07:00,2025-10-24T22:23:57-07:00,2,15
projects\projects.js,19,js,73663287,Marcushi,2025-10-24,22:23:57,-07:00,2025-10-24T22:23:57-07:00,3,48
projects\projects.js,20,js,73663287,Marcushi,2025-10-24,22:23:57,-07:00,2025-10-24T22:23:57-07:00,3,5
projects\projects.js,21,js,73663287,Marcushi,2025-10-24,22:23:57,-07:00,2025-10-24T22:23:57-07:00,2,0
projects\projects.js,22,js,73663287,Marcushi,2025-10-24,22:23:57,-07:00,2025-10-24T22:23:57-07:00,0,0
projects\projects.js,23,js,73663287,Marcushi,2025-10-24,22:23:57,-07:00,2025-10-24T22:23:57-07:00,2,40
projects\projects.js,24,js,73663287,Marcushi,2025-10-24,22:23:57,-07:00,2025-10-24T22:23:57-07:00,2,34
projects\projects.js,25,js,73663287,Marcushi,2025-10-24,22:23:57,-07:00,2025-10-24T22:23:57-07:00,0,0
projects\projects.js,26,js,af518029,Marcushi,2025-10-31,23:16:44,-07:00,2025-10-31T23:16:44-07:00,2,61
projects\projects.js,27,js,af518029,Marcushi,2025-10-31,23:16:44,-07:00,2025-10-31T23:16:44-07:00,2,17
projects\projects.js,28,js,af518029,Marcushi,2025-10-31,23:16:44,-07:00,2025-10-31T23:16:44-07:00,3,24
projects\projects.js,29,js,af518029,Marcushi,2025-10-31,23:16:44,-07:00,2025-10-31T23:16:44-07:00,4,60
projects\projects.js,30,js,af518029,Marcushi,2025-10-31,23:16:44,-07:00,2025-10-31T23:16:44-07:00,14,32
projects\projects.js,31,js,af518029,Marcushi,2025-10-31,23:16:44,-07:00,2025-10-31T23:16:44-07:00,2,0
projects\projects.js,32,js,af518029,Marcushi,2025-10-31,23:16:44,-07:00,2025-10-31T23:16:44-07:00,0,0
projects\projects.js,33,js,af518029,Marcushi,2025-10-31,23:16:44,-07:00,2025-10-31T23:16:44-07:00,2,27
projects\projects.js,34,js,af518029,Marcushi,2025-10-31,23:16:44,-07:00,2025-10-31T23:16:44-07:00,0,0
projects\projects.js,35,js,af518029,Marcushi,2025-10-31,23:16:44,-07:00,2025-10-31T23:16:44-07:00,2,60
projects\projects.js,36,js,af518029,Marcushi,2025-10-31,23:16:44,-07:00,2025-10-31T23:16:44-07:00,2,55
projects\projects.js,37,js,af518029,Marcushi,2025-10-31,23:16:44,-07:00,2025-10-31T23:16:44-07:00,0,0
projects\projects.js,38,js,af518029,Marcushi,2025-10-31,23:16:44,-07:00,2025-10-31T23:16:44-07:00,2,29
projects\projects.js,39,js,af518029,Marcushi,2025-10-31,23:16:44,-07:00,2025-10-31T23:16:44-07:00,2,37
projects\projects.js,40,js,af518029,Marcushi,2025-10-31,23:16:44,-07:00,2025-10-31T23:16:44-07:00,3,48
projects\projects.js,41,js,af518029,Marcushi,2025-10-31,23:16:44,-07:00,2025-10-31T23:16:44-07:00,4,54
projects\projects.js,42,js,af518029,Marcushi,2025-10-31,23:16:44,-07:00,2025-10-31T23:16:44-07:00,0,0
projects\projects.js,43,js,af518029,Marcushi,2025-10-31,23:16:44,-07:00,2025-10-31T23:16:44-07:00,4,35
projects\projects.js,44,js,af518029,Marcushi,2025-10-31,23:16:44,-07:00,2025-10-31T23:16:44-07:00,5,8
projects\projects.js,45,js,af518029,Marcushi,2025-10-31,23:16:44,-07:00,2025-10-31T23:16:44-07:00,5,22
projects\projects.js,46,js,af518029,Marcushi,2025-10-31,23:16:44,-07:00,2025-10-31T23:16:44-07:00,7,57
projects\projects.js,47,js,af518029,Marcushi,2025-10-31,23:16:44,-07:00,2025-10-31T23:16:44-07:00,7,30
projects\projects.js,48,js,af518029,Marcushi,2025-10-31,23:16:44,-07:00,2025-10-31T23:16:44-07:00,6,1
projects\projects.js,49,js,0d3fcf2d,Marcushi,2025-10-31,22:22:14,-07:00,2025-10-31T22:22:14-07:00,0,0
projects\projects.js,50,js,af518029,Marcushi,2025-10-31,23:16:44,-07:00,2025-10-31T23:16:44-07:00,4,56
projects\projects.js,51,js,0d3fcf2d,Marcushi,2025-10-31,22:22:14,-07:00,2025-10-31T22:22:14-07:00,0,0
projects\projects.js,52,js,af518029,Marcushi,2025-10-31,23:16:44,-07:00,2025-10-31T23:16:44-07:00,4,56
projects\projects.js,53,js,af518029,Marcushi,2025-10-31,23:16:44,-07:00,2025-10-31T23:16:44-07:00,4,12
projects\projects.js,54,js,af518029,Marcushi,2025-10-31,23:16:44,-07:00,2025-10-31T23:16:44-07:00,5,19
projects\projects.js,55,js,af518029,Marcushi,2025-10-31,23:16:44,-07:00,2025-10-31T23:16:44-07:00,6,47
projects\projects.js,56,js,af518029,Marcushi,2025-10-31,23:16:44,-07:00,2025-10-31T23:16:44-07:00,4,0
projects\projects.js,57,js,af518029,Marcushi,2025-10-31,23:16:44,-07:00,2025-10-31T23:16:44-07:00,0,0
projects\projects.js,58,js,af518029,Marcushi,2025-10-31,23:16:44,-07:00,2025-10-31T23:16:44-07:00,4,35
projects\projects.js,59,js,af518029,Marcushi,2025-10-31,23:16:44,-07:00,2025-10-31T23:16:44-07:00,3,1
projects\projects.js,60,js,73663287,Marcushi,2025-10-24,22:23:57,-07:00,2025-10-24T22:23:57-07:00,2,0
projects\projects.js,61,js,73663287,Marcushi,2025-10-24,22:23:57,-07:00,2025-10-24T22:23:57-07:00,0,0
projects\projects.js,62,js,73663287,Marcushi,2025-10-24,22:23:57,-07:00,2025-10-24T22:23:57-07:00,1,13
projects\projects.js,63,js,73663287,Marcushi,2025-10-24,22:23:57,-07:00,2025-10-24T22:23:57-07:00,2,46
projects\projects.js,64,js,73663287,Marcushi,2025-10-24,22:23:57,-07:00,2025-10-24T22:23:57-07:00,1,0
projects\projects.js,65,js,73663287,Marcushi,2025-10-24,22:23:57,-07:00,2025-10-24T22:23:57-07:00,0,3
projects\projects.js,66,js,73663287,Marcushi,2025-10-24,22:23:57,-07:00,2025-10-24T22:23:57-07:00,0,0
projects\projects.js,67,js,0d3fcf2d,Marcushi,2025-10-31,22:22:14,-07:00,2025-10-31T22:22:14-07:00,0,33
projects\projects.js,68,js,449a1a71,Marcushi,2025-10-31,22:06:03,-07:00,2025-10-31T22:06:03-07:00,0,42
projects\projects.js,69,js,508a2d37,Marcushi,2025-11-01,15:57:29,-07:00,2025-11-01T15:57:29-07:00,0,47
projects\projects.js,70,js,449a1a71,Marcushi,2025-10-31,22:06:03,-07:00,2025-10-31T22:06:03-07:00,0,0
projects\projects.js,71,js,af518029,Marcushi,2025-10-31,23:16:44,-07:00,2025-10-31T23:16:44-07:00,0,37
projects\projects.js,72,js,0d3fcf2d,Marcushi,2025-10-31,22:22:14,-07:00,2025-10-31T22:22:14-07:00,0,29
projects\projects.js,73,js,0d3fcf2d,Marcushi,2025-10-31,22:22:14,-07:00,2025-10-31T22:22:14-07:00,1,50
projects\projects.js,74,js,0d3fcf2d,Marcushi,2025-10-31,22:22:14,-07:00,2025-10-31T22:22:14-07:00,1,35
projects\projects.js,75,js,0d3fcf2d,Marcushi,2025-10-31,22:22:14,-07:00,2025-10-31T22:22:14-07:00,1,59
projects\projects.js,76,js,0d3fcf2d,Marcushi,2025-10-31,22:22:14,-07:00,2025-10-31T22:22:14-07:00,0,0
projects\projects.js,77,js,508a2d37,Marcushi,2025-11-01,15:57:29,-07:00,2025-11-01T15:57:29-07:00,1,33
projects\projects.js,78,js,0d3fcf2d,Marcushi,2025-10-31,22:22:14,-07:00,2025-10-31T22:22:14-07:00,2,31
projects\projects.js,79,js,0d3fcf2d,Marcushi,2025-10-31,22:22:14,-07:00,2025-10-31T22:22:14-07:00,2,11
projects\projects.js,80,js,0d3fcf2d,Marcushi,2025-10-31,22:22:14,-07:00,2025-10-31T22:22:14-07:00,2,22
projects\projects.js,81,js,508a2d37,Marcushi,2025-11-01,15:57:29,-07:00,2025-11-01T15:57:29-07:00,2,75
projects\projects.js,82,js,508a2d37,Marcushi,2025-11-01,15:57:29,-07:00,2025-11-01T15:57:29-07:00,2,26
projects\projects.js,83,js,508a2d37,Marcushi,2025-11-01,15:57:29,-07:00,2025-11-01T15:57:29-07:00,0,0
projects\projects.js,84,js,508a2d37,Marcushi,2025-11-01,15:57:29,-07:00,2025-11-01T15:57:29-07:00,1,30
projects\projects.js,85,js,508a2d37,Marcushi,2025-11-01,15:57:29,-07:00,2025-11-01T15:57:29-07:00,2,27
projects\projects.js,86,js,508a2d37,Marcushi,2025-11-01,15:57:29,-07:00,2025-11-01T15:57:29-07:00,2,45
projects\projects.js,87,js,508a2d37,Marcushi,2025-11-01,15:57:29,-07:00,2025-11-01T15:57:29-07:00,2,29
projects\projects.js,88,js,508a2d37,Marcushi,2025-11-01,15:57:29,-07:00,2025-11-01T15:57:29-07:00,2,60
projects\projects.js,89,js,508a2d37,Marcushi,2025-11-01,15:57:29,-07:00,2025-11-01T15:57:29-07:00,2,14
projects\projects.js,90,js,508a2d37,Marcushi,2025-11-01,15:57:29,-07:00,2025-11-01T15:57:29-07:00,3,18
projects\projects.js,91,js,508a2d37,Marcushi,2025-11-01,15:57:29,-07:00,2025-11-01T15:57:29-07:00,4,8
projects\projects.js,92,js,508a2d37,Marcushi,2025-11-01,15:57:29,-07:00,2025-11-01T15:57:29-07:00,4,59
projects\projects.js,93,js,508a2d37,Marcushi,2025-11-01,15:57:29,-07:00,2025-11-01T15:57:29-07:00,0,0
projects\projects.js,94,js,508a2d37,Marcushi,2025-11-01,15:57:29,-07:00,2025-11-01T15:57:29-07:00,2,48
projects\projects.js,95,js,508a2d37,Marcushi,2025-11-01,15:57:29,-07:00,2025-11-01T15:57:29-07:00,2,27
projects\projects.js,96,js,508a2d37,Marcushi,2025-11-01,15:57:29,-07:00,2025-11-01T15:57:29-07:00,1,1
projects\projects.js,97,js,508a2d37,Marcushi,2025-11-01,15:57:29,-07:00,2025-11-01T15:57:29-07:00,0,0
projects\projects.js,98,js,0d3fcf2d,Marcushi,2025-10-31,22:22:14,-07:00,2025-10-31T22:22:14-07:00,0,0
projects\projects.js,99,js,0d3fcf2d,Marcushi,2025-10-31,22:22:14,-07:00,2025-10-31T22:22:14-07:00,0,0
projects\projects.js,100,js,af518029,Marcushi,2025-10-31,23:16:44,-07:00,2025-10-31T23:16:44-07:00,0,34
projects\projects.js,101,js,0d3fcf2d,Marcushi,2025-10-31,22:22:14,-07:00,2025-10-31T22:22:14-07:00,0,27
projects\projects.js,102,js,0d3fcf2d,Marcushi,2025-10-31,22:22:14,-07:00,2025-10-31T22:22:14-07:00,1,34
projects\projects.js,103,js,0d3fcf2d,Marcushi,2025-10-31,22:22:14,-07:00,2025-10-31T22:22:14-07:00,0,0
projects\projects.js,104,js,0d3fcf2d,Marcushi,2025-10-31,22:22:14,-07:00,2025-10-31T22:22:14-07:00,1,20
projects\projects.js,105,js,0d3fcf2d,Marcushi,2025-10-31,22:22:14,-07:00,2025-10-31T22:22:14-07:00,2,23
projects\projects.js,106,js,0d3fcf2d,Marcushi,2025-10-31,22:22:14,-07:00,2025-10-31T22:22:14-07:00,2,9
projects\projects.js,107,js,0d3fcf2d,Marcushi,2025-10-31,22:22:14,-07:00,2025-10-31T22:22:14-07:00,2,27
projects\projects.js,108,js,508a2d37,Marcushi,2025-11-01,15:57:29,-07:00,2025-11-01T15:57:29-07:00,2,26
projects\projects.js,109,js,508a2d37,Marcushi,2025-11-01,15:57:29,-07:00,2025-11-01T15:57:29-07:00,3,49
projects\projects.js,110,js,508a2d37,Marcushi,2025-11-01,15:57:29,-07:00,2025-11-01T15:57:29-07:00,2,0
projects\projects.js,111,js,0d3fcf2d,Marcushi,2025-10-31,22:22:14,-07:00,2025-10-31T22:22:14-07:00,2,74
projects\projects.js,112,js,0d3fcf2d,Marcushi,2025-10-31,22:22:14,-07:00,2025-10-31T22:22:14-07:00,0,0
projects\projects.js,113,js,af518029,Marcushi,2025-10-31,23:16:44,-07:00,2025-10-31T23:16:44-07:00,0,0
projects\projects.js,114,js,af518029,Marcushi,2025-10-31,23:16:44,-07:00,2025-10-31T23:16:44-07:00,0,52
projects\projects.js,115,js,af518029,Marcushi,2025-10-31,23:16:44,-07:00,2025-10-31T23:16:44-07:00,0,42
projects\projects.js,116,js,af518029,Marcushi,2025-10-31,23:16:44,-07:00,2025-10-31T23:16:44-07:00,1,75
projects\projects.js,117,js,af518029,Marcushi,2025-10-31,23:16:44,-07:00,2025-10-31T23:16:44-07:00,1,20
projects\projects.js,118,js,af518029,Marcushi,2025-10-31,23:16:44,-07:00,2025-10-31T23:16:44-07:00,2,54
projects\projects.js,119,js,af518029,Marcushi,2025-10-31,23:16:44,-07:00,2025-10-31T23:16:44-07:00,2,46
projects\projects.js,120,js,af518029,Marcushi,2025-10-31,23:16:44,-07:00,2025-10-31T23:16:44-07:00,0,0
projects\projects.js,121,js,508a2d37,Marcushi,2025-11-01,15:57:29,-07:00,2025-11-01T15:57:29-07:00,1,20
projects\projects.js,122,js,af518029,Marcushi,2025-10-31,23:16:44,-07:00,2025-10-31T23:16:44-07:00,0,0
projects\projects.js,123,js,af518029,Marcushi,2025-10-31,23:16:44,-07:00,2025-10-31T23:16:44-07:00,1,22
projects\projects.js,124,js,af518029,Marcushi,2025-10-31,23:16:44,-07:00,2025-10-31T23:16:44-07:00,1,20
projects\projects.js,125,js,af518029,Marcushi,2025-10-31,23:16:44,-07:00,2025-10-31T23:16:44-07:00,0,0
projects\index.html,1,html,c0cf2c6b,Marcushi,2025-10-03,22:28:05,-07:00,2025-10-03T22:28:05-07:00,0,13
projects\index.html,2,html,c0cf2c6b,Marcushi,2025-10-03,22:28:05,-07:00,2025-10-03T22:28:05-07:00,0,14
projects\index.html,3,html,c0cf2c6b,Marcushi,2025-10-03,22:28:05,-07:00,2025-10-03T22:28:05-07:00,0,4
projects\index.html,4,html,c0cf2c6b,Marcushi,2025-10-03,22:28:05,-07:00,2025-10-03T22:28:05-07:00,1,20
projects\index.html,5,html,c0cf2c6b,Marcushi,2025-10-03,22:28:05,-07:00,2025-10-03T22:28:05-07:00,1,68
projects\index.html,6,html,c0cf2c6b,Marcushi,2025-10-03,22:28:05,-07:00,2025-10-03T22:28:05-07:00,1,34
projects\index.html,7,html,c0cf2c6b,Marcushi,2025-10-03,22:28:05,-07:00,2025-10-03T22:28:05-07:00,1,41
projects\index.html,8,html,c0cf2c6b,Marcushi,2025-10-03,22:28:05,-07:00,2025-10-03T22:28:05-07:00,0,5
projects\index.html,9,html,c0cf2c6b,Marcushi,2025-10-03,22:28:05,-07:00,2025-10-03T22:28:05-07:00,0,4
projects\index.html,10,html,c0cf2c6b,Marcushi,2025-10-03,22:28:05,-07:00,2025-10-03T22:28:05-07:00,0,0
projects\index.html,11,html,73663287,Marcushi,2025-10-24,22:23:57,-07:00,2025-10-24T22:23:57-07:00,1,41
projects\index.html,12,html,c0cf2c6b,Marcushi,2025-10-03,22:28:05,-07:00,2025-10-03T22:28:05-07:00,1,51
projects\index.html,13,html,449a1a71,Marcushi,2025-10-31,22:06:03,-07:00,2025-10-31T22:06:03-07:00,0,0
projects\index.html,14,html,449a1a71,Marcushi,2025-10-31,22:06:03,-07:00,2025-10-31T22:06:03-07:00,1,15
projects\index.html,15,html,449a1a71,Marcushi,2025-10-31,22:06:03,-07:00,2025-10-31T22:06:03-07:00,2,58
projects\index.html,16,html,449a1a71,Marcushi,2025-10-31,22:06:03,-07:00,2025-10-31T22:06:03-07:00,2,22
projects\index.html,17,html,449a1a71,Marcushi,2025-10-31,22:06:03,-07:00,2025-10-31T22:06:03-07:00,1,4
projects\index.html,18,html,449a1a71,Marcushi,2025-10-31,22:06:03,-07:00,2025-10-31T22:06:03-07:00,0,0
projects\index.html,19,html,af518029,Marcushi,2025-10-31,23:16:44,-07:00,2025-10-31T23:16:44-07:00,1,4
projects\index.html,20,html,af518029,Marcushi,2025-10-31,23:16:44,-07:00,2025-10-31T23:16:44-07:00,2,15
projects\index.html,21,html,af518029,Marcushi,2025-10-31,23:16:44,-07:00,2025-10-31T23:16:44-07:00,2,11
projects\index.html,22,html,af518029,Marcushi,2025-10-31,23:16:44,-07:00,2025-10-31T23:16:44-07:00,2,26
projects\index.html,23,html,af518029,Marcushi,2025-10-31,23:16:44,-07:00,2025-10-31T23:16:44-07:00,2,31
projects\index.html,24,html,af518029,Marcushi,2025-10-31,23:16:44,-07:00,2025-10-31T23:16:44-07:00,1,0
projects\index.html,25,html,449a1a71,Marcushi,2025-10-31,22:06:03,-07:00,2025-10-31T22:06:03-07:00,0,0
projects\index.html,26,html,73663287,Marcushi,2025-10-24,22:23:57,-07:00,2025-10-24T22:23:57-07:00,1,26
projects\index.html,27,html,ef2cdfe2,Marcushi,2025-10-17,20:05:40,-07:00,2025-10-17T20:05:40-07:00,2,48
projects\index.html,28,html,73663287,Marcushi,2025-10-24,22:23:57,-07:00,2025-10-24T22:23:57-07:00,2,49
projects\index.html,29,html,08492d3a,Marcushi,2025-10-24,23:00:56,-07:00,2025-10-24T23:00:56-07:00,2,47
projects\index.html,30,html,73663287,Marcushi,2025-10-24,22:23:57,-07:00,2025-10-24T22:23:57-07:00,1,5
projects\index.html,31,html,c0cf2c6b,Marcushi,2025-10-03,22:28:05,-07:00,2025-10-03T22:28:05-07:00,0,5
contact\index.html,1,html,c0cf2c6b,Marcushi,2025-10-03,22:28:05,-07:00,2025-10-03T22:28:05-07:00,0,13
contact\index.html,2,html,c0cf2c6b,Marcushi,2025-10-03,22:28:05,-07:00,2025-10-03T22:28:05-07:00,0,14
contact\index.html,3,html,c0cf2c6b,Marcushi,2025-10-03,22:28:05,-07:00,2025-10-03T22:28:05-07:00,0,4
contact\index.html,4,html,c0cf2c6b,Marcushi,2025-10-03,22:28:05,-07:00,2025-10-03T22:28:05-07:00,1,20
contact\index.html,5,html,c0cf2c6b,Marcushi,2025-10-03,22:28:05,-07:00,2025-10-03T22:28:05-07:00,1,68
contact\index.html,6,html,c0cf2c6b,Marcushi,2025-10-03,22:28:05,-07:00,2025-10-03T22:28:05-07:00,1,33
contact\index.html,7,html,c0cf2c6b,Marcushi,2025-10-03,22:28:05,-07:00,2025-10-03T22:28:05-07:00,1,41
contact\index.html,8,html,c0cf2c6b,Marcushi,2025-10-03,22:28:05,-07:00,2025-10-03T22:28:05-07:00,0,5
contact\index.html,9,html,c0cf2c6b,Marcushi,2025-10-03,22:28:05,-07:00,2025-10-03T22:28:05-07:00,0,4
contact\index.html,10,html,c0cf2c6b,Marcushi,2025-10-03,22:28:05,-07:00,2025-10-03T22:28:05-07:00,1,0
contact\index.html,11,html,da6f80c0,Marcushi,2025-10-11,22:29:25,-07:00,2025-10-11T22:29:25-07:00,1,17
contact\index.html,12,html,ef2cdfe2,Marcushi,2025-10-17,20:05:40,-07:00,2025-10-17T20:05:40-07:00,1,0
contact\index.html,13,html,ef2cdfe2,Marcushi,2025-10-17,20:05:40,-07:00,2025-10-17T20:05:40-07:00,1,19
contact\index.html,14,html,d851b541,Marcushi,2025-10-17,21:33:32,-07:00,2025-10-17T21:33:32-07:00,2,49
contact\index.html,15,html,ef2cdfe2,Marcushi,2025-10-17,20:05:40,-07:00,2025-10-17T20:05:40-07:00,3,5
contact\index.html,16,html,ef2cdfe2,Marcushi,2025-10-17,20:05:40,-07:00,2025-10-17T20:05:40-07:00,4,38
contact\index.html,17,html,ef2cdfe2,Marcushi,2025-10-17,20:05:40,-07:00,2025-10-17T20:05:40-07:00,3,6
contact\index.html,18,html,c0cf2c6b,Marcushi,2025-10-03,22:28:05,-07:00,2025-10-03T22:28:05-07:00,0,0
contact\index.html,19,html,ef2cdfe2,Marcushi,2025-10-17,20:05:40,-07:00,2025-10-17T20:05:40-07:00,3,5
contact\index.html,20,html,ef2cdfe2,Marcushi,2025-10-17,20:05:40,-07:00,2025-10-17T20:05:40-07:00,4,41
contact\index.html,21,html,ef2cdfe2,Marcushi,2025-10-17,20:05:40,-07:00,2025-10-17T20:05:40-07:00,3,6
contact\index.html,22,html,c0cf2c6b,Marcushi,2025-10-03,22:28:05,-07:00,2025-10-03T22:28:05-07:00,0,0
contact\index.html,23,html,ef2cdfe2,Marcushi,2025-10-17,20:05:40,-07:00,2025-10-17T20:05:40-07:00,3,5
contact\index.html,24,html,d851b541,Marcushi,2025-10-17,21:33:32,-07:00,2025-10-17T21:33:32-07:00,4,40
contact\index.html,25,html,ef2cdfe2,Marcushi,2025-10-17,20:05:40,-07:00,2025-10-17T20:05:40-07:00,3,6
contact\index.html,26,html,c0cf2c6b,Marcushi,2025-10-03,22:28:05,-07:00,2025-10-03T22:28:05-07:00,0,0
contact\index.html,27,html,ef2cdfe2,Marcushi,2025-10-17,20:05:40,-07:00,2025-10-17T20:05:40-07:00,3,35
contact\index.html,28,html,ef2cdfe2,Marcushi,2025-10-17,20:05:40,-07:00,2025-10-17T20:05:40-07:00,2,5
contact\index.html,29,html,ef2cdfe2,Marcushi,2025-10-17,20:05:40,-07:00,2025-10-17T20:05:40-07:00,2,4
contact\index.html,30,html,ef2cdfe2,Marcushi,2025-10-17,20:05:40,-07:00,2025-10-17T20:05:40-07:00,1,48
contact\index.html,31,html,c0cf2c6b,Marcushi,2025-10-03,22:28:05,-07:00,2025-10-03T22:28:05-07:00,0,5
contact\index.html,32,html,c0cf2c6b,Marcushi,2025-10-03,22:28:05,-07:00,2025-10-03T22:28:05-07:00,0,5
